0,1
-5.0,31.80213266205107
-4.994997498749375,31.688693965379485
-4.98999499749875,31.61091579982954
-4.9849924962481245,31.57163385496274
-4.979989994997498,31.45341200068571
-4.974987493746873,31.367969574401986
-4.969984992496248,31.301879739788035
-4.964982491245623,31.21584713699886
-4.959979989994998,31.14715269602523
-4.9549774887443725,31.088190585668382
-4.949974987493747,30.953180499422565
-4.944972486243121,30.85992651854061
-4.939969984992496,30.833918411563953
-4.934967483741871,30.75480405003514
-4.929964982491246,30.64701065815303
-4.9249624812406205,30.54223708492816
-4.919959979989995,30.50209191650433
-4.914957478739369,30.433565476661187
-4.909954977488744,30.302056022522862
-4.904952476238119,30.23435592449722
-4.899949974987494,30.16308654162269
-4.894947473736869,30.068235938612116
-4.889944972486243,29.995378273493312
-4.884942471235618,29.923194732277928
-4.879939969984992,29.86203490576343
-4.874937468734367,29.78641191550179
-4.869934967483742,29.68314970708573
-4.864932466233117,29.616554862239582
-4.859929964982491,29.563797872099713
-4.854927463731866,29.449180777477814
-4.849924962481241,29.377638410321694
-4.844922461230615,29.324614130072085
-4.83991995997999,29.22575222878506
-4.834917458729365,29.133632481533276
-4.8299149574787394,29.062859008957886
-4.824912456228114,28.997460740047426
-4.819909954977489,28.908130700810766
-4.814907453726863,28.846509063704456
-4.809904952476238,28.737680988038953
-4.804902451225613,28.688300765505318
-4.7998999499749875,28.59945556364717
-4.794897448724362,28.499002136262437
-4.789894947473737,28.436103605256065
-4.784892446223112,28.36016788846119
-4.779889944972486,28.300474035983104
-4.774887443721861,28.26682817438197
-4.7698849424712355,28.19084071266242
-4.76488244122061,28.06313578401597
-4.759879939969985,28.031826354751793
-4.75487743871936,27.93046963532108
-4.749874937468734,27.844306308156348
-4.744872436218109,27.77333141141427
-4.7398699349674835,27.700462951192293
-4.734867433716858,27.638094358050658
-4.729864932466233,27.5875003095437
-4.724862431215608,27.49786946120975
-4.719859929964983,27.43918899008395
-4.714857428714357,27.345868194763213
-4.709854927463732,27.267945042292226
-4.704852426213106,27.17524053075774
-4.699849924962481,27.14923107111693
-4.694847423711856,27.05773655441434
-4.689844922461231,26.97399066482538
-4.684842421210606,26.903653606341273
-4.67983991995998,26.82814013143416
-4.674837418709354,26.769152173024743
-4.669834917458729,26.689600425120634
-4.664832416208104,26.633652286570815
-4.659829914957479,26.533275497425542
-4.654827413706854,26.493854071361753
-4.6498249124562285,26.413191530352112
-4.6448224112056025,26.32529504689731
-4.639819909954977,26.238884253271618
-4.634817408704352,26.19994468441393
-4.629814907453727,26.109143262962032
-4.624812406203102,26.035547508294847
-4.619809904952477,25.97438955853518
-4.614807403701851,25.87841466713713
-4.609804902451225,25.839992880279212
-4.6048024012006,25.773581475624294
-4.599799899949975,25.716218226285662
-4.59479739869935,25.621814182478005
-4.589794897448725,25.55461297686097
-4.584792396198099,25.45999470368769
-4.579789894947473,25.378984356401595
-4.574787393696848,25.331113149922665
-4.569784892446223,25.308108113060257
-4.564782391195598,25.18212751190014
-4.559779889944973,25.12707357435788
-4.5547773886943475,25.060395967073053
-4.549774887443722,25.006209797815885
-4.544772386193096,24.94689543767163
-4.539769884942471,24.852136955395693
-4.534767383691846,24.80128405184039
-4.529764882441221,24.740177362275894
-4.5247623811905955,24.68120887964846
-4.51975987993997,24.571548057840094
-4.514757378689344,24.547231748959213
-4.509754877438719,24.484477428208045
-4.504752376188094,24.387546456550446
-4.499749874937469,24.34153759137192
-4.4947473736868435,24.239029320908955
-4.489744872436218,24.201448306569386
-4.484742371185593,24.114403989035097
-4.479739869934967,24.061115185880006
-4.474737368684342,23.987480260680005
-4.469734867433717,23.925725052228046
-4.4647323661830915,23.899560379019974
-4.459729864932466,23.791531535155507
-4.454727363681841,23.71405085417195
-4.449724862431216,23.645640427394852
-4.44472236118059,23.582274920271523
-4.439719859929965,23.539520753166666
-4.43471735867934,23.451023940719494
-4.429714857428714,23.367243628514586
-4.424712356178089,23.327100424072302
-4.419709854927464,23.268476989020527
-4.414707353676839,23.193393483676477
-4.409704852426213,23.151849869217074
-4.404702351175588,23.089297213016103
-4.399699849924962,23.018199780013155
-4.394697348674337,22.939586875086253
-4.389694847423712,22.876016517772474
-4.384692346173087,22.83641769704966
-4.379689844922462,22.76621169339599
-4.374687343671836,22.715152800966013
-4.3696848424212105,22.639011726339362
-4.364682341170585,22.57433649951328
-4.35967983991996,22.531739740597878
-4.354677338669335,22.46750685962087
-4.34967483741871,22.384371589392128
-4.344672336168084,22.306896932441813
-4.3396698349174585,22.24699843861583
-4.334667333666833,22.22902275397768
-4.329664832416208,22.13365617096116
-4.324662331165583,22.06333585642033
-4.319659829914958,22.018839787017548
-4.314657328664332,21.99586364116369
-4.3096548274137065,21.889678341706993
-4.304652326163081,21.846390287520514
-4.299649824912456,21.754457478097144
-4.294647323661831,21.724461445946808
-4.289644822411206,21.62712005767398
-4.284642321160581,21.60000049848483
-4.279639819909955,21.540123156001915
-4.274637318659329,21.460749804985007
-4.269634817408704,21.417263171759327
-4.264632316158079,21.363558121602495
-4.259629814907454,21.28258472347161
-4.254627313656829,21.230157851966776
-4.2496248124062035,21.145467283348705
-4.244622311155577,21.104308774294687
-4.239619809904952,21.040816332389447
-4.234617308654327,20.984676721994315
-4.229614807403702,20.941548648194498
-4.224612306153077,20.872996966078283
-4.2196098049024515,20.82647201046495
-4.214607303651826,20.742228930738055
-4.2096048024012,20.686400569617817
-4.204602301150575,20.60811016241292
-4.19959979989995,20.58793540005764
-4.194597298649325,20.50787444344674
-4.1895947973986996,20.427721974691593
-4.184592296148074,20.388565026413573
-4.179589794897449,20.360292369753665
-4.174587293646823,20.282980997924955
-4.169584792396198,20.227486272371255
-4.164582291145573,20.180187329808625
-4.159579789894948,20.123416720880847
-4.154577288644322,20.057411563783184
-4.149574787393697,20.001950902950828
-4.144572286143072,19.942278579057984
-4.139569784892446,19.87388578654047
-4.134567283641821,19.847607306752675
-4.129564782391196,19.765252770549388
-4.12456228114057,19.720579636829022
-4.119559779889945,19.658588842144184
-4.114557278639319,19.60295206451649
-4.109554777388694,19.54705589433402
-4.104552276138069,19.468382173727775
-4.099549774887444,19.45766891358518
-4.0945472736368185,19.36272752245061
-4.089544772386193,19.32463496074759
-4.084542271135568,19.250055648612932
-4.079539769884942,19.208169418166328
-4.074537268634317,19.156315657044686
-4.069534767383692,19.103621118514212
-4.0645322661330665,19.048708186546463
-4.059529764882441,18.980785388172798
-4.054527263631816,18.938194523381092
-4.049524762381191,18.866113206096443
-4.044522261130565,18.81893533458293
-4.03951975987994,18.7608662094412
-4.0345172586293145,18.725343090072858
-4.029514757378689,18.676838609770726
-4.024512256128064,18.617045399055257
-4.019509754877439,18.545849232053854
-4.014507253626814,18.512522783301876
-4.009504752376188,18.465490536248964
-4.004502251125563,18.4216872995672
-3.9994997498749374,18.33841073087681
-3.994497248624312,18.32028180468581
-3.989494747373687,18.244286772586836
-3.984492246123062,18.1941239528397
-3.9794897448724362,18.1516890050417
-3.9744872436218106,18.08476160565359
-3.9694847423711854,18.017635625411987
-3.9644822411205602,17.981562813146674
-3.959479739869935,17.95734989443133
-3.95447723861931,17.85768610362759
-3.9494747373686843,17.81892333594793
-3.944472236118059,17.780120439505627
-3.9394697348674335,17.72531021304555
-3.9344672336168083,17.691350870504507
-3.929464732366183,17.606523867272315
-3.924462231115558,17.585113523191055
-3.9194597298649327,17.509684908381587
-3.914457228614307,17.47747466801774
-3.909454727363682,17.41512259976311
-3.9044522261130563,17.387512393067603
-3.899449724862431,17.3303256136777
-3.894447223611806,17.278635678562285
-3.8894447223611808,17.202382688293113
-3.8844422211105556,17.162113320435832
-3.87943971985993,17.12408073997136
-3.874437218609305,17.080985423778607
-3.869434717358679,17.022186689946288
-3.864432216108054,16.967223439187663
-3.859429714857429,16.91901771509609
-3.8544272136068036,16.874053010403134
-3.8494247123561784,16.811155978251186
-3.844422211105553,16.7883286762433
-3.839419709854927,16.726160449142895
-3.834417208604302,16.673006445501642
-3.829414707353677,16.6295287290664
-3.8244122061030517,16.578471215208957
-3.8194097048524265,16.536292364200087
-3.814407203601801,16.48037181774947
-3.8094047023511757,16.42361006240844
-3.80440220110055,16.417920266273732
-3.799399699849925,16.363731222777666
-3.7943971985992997,16.272965757945336
-3.7893946973486745,16.247907253184167
-3.7843921960980493,16.17894610124
-3.7793896948474237,16.136758717568846
-3.7743871935967985,16.084564158197132
-3.769384692346173,16.05732240042555
-3.7643821910955477,15.988672447763106
-3.7593796898449225,15.97246934259817
-3.7543771885942974,15.898701720445715
-3.749374687343672,15.893307207899438
-3.7443721860930466,15.821963853815818
-3.739369684842421,15.775058441577258
-3.7343671835917958,15.743141144363708
-3.7293646823411706,15.692097850930196
-3.7243621810905454,15.640661359980808
-3.71935967983992,15.612522123468421
-3.7143571785892946,15.545009606633446
-3.7093546773386694,15.50100976266846
-3.704352176088044,15.454229412957995
-3.6993496748374186,15.42294547612589
-3.6943471735867934,15.368601744813752
-3.6893446723361683,15.298276728200719
-3.684342171085543,15.290924887662575
-3.6793396698349174,15.229773938849648
-3.6743371685842923,15.172459386813514
-3.6693346673336666,15.142848435286789
-3.6643321660830415,15.101400055908911
-3.6593296648324163,15.039569119966817
-3.654327163581791,15.015014745864061
-3.649324662331166,14.958738118385737
-3.6443221610805403,14.906658850209148
-3.6393196598299147,14.89506882127855
-3.6343171585792895,14.833032847873188
-3.6293146573286643,14.780555484972862
-3.624312156078039,14.73614938982706
-3.619309654827414,14.695940523084936
-3.6143071535767883,14.647988609572932
-3.609304652326163,14.627046485908146
-3.6043021510755375,14.577727406788053
-3.5992996498249124,14.53277689188862
-3.594297148574287,14.499057418701403
-3.589294647323662,14.419615564040495
-3.584292146073037,14.408980139075094
-3.579289644822411,14.348728453918671
-3.574287143571786,14.309788437939142
-3.5692846423211604,14.269345624721698
-3.564282141070535,14.215294596915298
-3.55927963981991,14.191178369069977
-3.554277138569285,14.158042885808968
-3.5492746373186597,14.11836878313063
-3.544272136068034,14.0615591871337
-3.5392696348174084,14.014061567441882
-3.5342671335667832,13.986008161163532
-3.529264632316158,13.953966185586777
-3.524262131065533,13.907340951001448
-3.5192596298149077,13.857665012427553
-3.514257128564282,13.819856530831991
-3.509254627313657,13.771653244629787
-3.5042521260630313,13.737177473935837
-3.499249624812406,13.681710920923123
-3.494247123561781,13.650831281447097
-3.4892446223111557,13.626800838664053
-3.4842421210605306,13.561759455879637
-3.479239619809905,13.524549710000723
-3.4742371185592797,13.48807738876648
-3.469234617308654,13.45573477234418
-3.464232116058029,13.404835628307378
-3.4592296148074038,13.384057603679114
-3.4542271135567786,13.341628137711629
-3.4492246123061534,13.308405949566728
-3.444222111055528,13.251126947205634
-3.4392196098049026,13.208968629788064
-3.434217108554277,13.188800739192974
-3.429214607303652,13.156529864576886
-3.4242121060530266,13.098862654963368
-3.4192096048024014,13.070449589961232
-3.4142071035517763,13.009128581436105
-3.4092046023011506,12.989342081679402
-3.404202101050525,12.963182567233263
-3.3991995997999,12.901524014469796
-3.3941970985492746,12.882752235263046
-3.3891945972986495,12.824315033292027
-3.3841920960480243,12.80032286299106
-3.3791895947973987,12.76273380096918
-3.3741870935467735,12.728935807021942
-3.369184592296148,12.709208610284342
-3.3641820910455227,12.635756211172186
-3.3591795897948975,12.608871625870236
-3.3541770885442723,12.570875022889481
-3.349174587293647,12.526148171952212
-3.3441720860430215,12.496211570810278
-3.3391695847923963,12.469968266016878
-3.3341670835417707,12.428363363945708
-3.3291645822911455,12.382557768789205
-3.3241620810405204,12.358343758748036
-3.319159579789895,12.318550253284158
-3.31415707853927,12.282957259069303
-3.3091545772886444,12.237169039578793
-3.3041520760380187,12.201059897765113
-3.2991495747873936,12.167675950681591
-3.2941470735367684,12.127301223789859
-3.289144572286143,12.091700584599359
-3.284142071035518,12.058941051271326
-3.2791395697848924,12.03462217735486
-3.2741370685342672,11.989999074657616
-3.2691345672836416,11.959073807773999
-3.2641320660330164,11.913382986230795
-3.2591295647823912,11.880042877581719
-3.254127063531766,11.838907926636429
-3.249124562281141,11.820937413341339
-3.2441220610305153,11.787122843099707
-3.23911955977989,11.756849270653271
-3.2341170585292645,11.72925513245264
-3.2291145572786393,11.653564542458277
-3.224112056028014,11.635903526229608
-3.219109554777389,11.598286622027219
-3.2141070535267637,11.573493763719357
-3.209104552276138,11.53918496270741
-3.2041020510255125,11.493562612045352
-3.1990995497748873,11.473748650630116
-3.194097048524262,11.445881266663665
-3.189094547273637,11.415174355183419
-3.1840920460230118,11.3667733795373
-3.179089544772386,11.335773677913524
-3.174087043521761,11.31666509912185
-3.1690845422711353,11.263472073063504
-3.16408204102051,11.232046504999559
-3.159079539769885,11.210925130050418
-3.15407703851926,11.184145357112197
-3.1490745372686346,11.131205284749395
-3.144072036018009,11.103835037059367
-3.139069534767384,11.080193601659406
-3.134067033516758,11.039444541609754
-3.129064532266133,11.018778013339226
-3.124062031015508,10.978504669052914
-3.1190595297648827,10.939969785075526
-3.1140570285142575,10.933936599630904
-3.109054527263632,10.871008598294607
-3.1040520260130062,10.844163946667935
-3.099049524762381,10.827777748900186
-3.094047023511756,10.782450628547712
-3.0890445222611307,10.748750884983052
-3.0840420210105055,10.730079008972378
-3.07903951975988,10.697635683723759
-3.0740370185092547,10.655747071713357
-3.069034517258629,10.63716205368788
-3.064032016008004,10.58907410596543
-3.0590295147573787,10.57427804470732
-3.0540270135067535,10.543319098924199
-3.0490245122561284,10.505569708652473
-3.0440220110055027,10.472170026925918
-3.0390195097548776,10.442031911701298
-3.034017008504252,10.407294345203736
-3.0290145072536268,10.376250125896826
-3.0240120060030016,10.355329131787187
-3.0190095047523764,10.316328081773259
-3.014007003501751,10.28769205781241
-3.0090045022511256,10.27206170189647
-3.0040020010005004,10.232012292683308
-2.998999499749875,10.201828999249193
-2.9939969984992496,10.17778317618541
-2.9889944972486244,10.154063552230983
-2.9839919959979992,10.104510444293759
-2.9789894947473736,10.087638718325245
-2.9739869934967484,10.063232813784781
-2.9689844922461233,10.038730889636199
-2.9639819909954976,10.01570788640943
-2.9589794897448725,9.971166285271416
-2.9539769884942473,9.936586207225051
-2.9489744872436217,9.91563323914793
-2.9439719859929965,9.887407963560646
-2.9389694847423713,9.844928846027766
-2.933966983491746,9.831212402422171
-2.9289644822411205,9.798959125134624
-2.9239619809904953,9.767063285995663
-2.91895947973987,9.732583915355367
-2.9139569784892445,9.693614695463442
-2.9089544772386193,9.694089440134602
-2.903951975987994,9.651218489476314
-2.8989494747373685,9.634700801738223
-2.8939469734867433,9.592611454326123
-2.888944472236118,9.578178458138652
-2.883941970985493,9.549998044482862
-2.8789394697348674,9.52335046515563
-2.873936968484242,9.483432209569377
-2.868934467233617,9.464624988347154
-2.8639319659829914,9.4277700688846
-2.858929464732366,9.414734495444431
-2.853926963481741,9.384067871377392
-2.848924462231116,9.356683130720796
-2.84392196098049,9.32731621215105
-2.838919459729865,9.299559771530392
-2.83391695847924,9.27803264902795
-2.8289144572286142,9.254877272704016
-2.823911955977989,9.21591606042674
-2.818909454727364,9.201629285478258
-2.8139069534767382,9.175355451826796
-2.808904452226113,9.14125025612787
-2.803901950975488,9.115673801262185
-2.7988994497248627,9.088027477446747
-2.793896948474237,9.067949186326086
-2.788894447223612,9.038869434253884
-2.7838919459729867,9.000868428680903
-2.778889444722361,8.983875878922637
-2.773886943471736,8.9685138320024
-2.7688844422211107,8.92904789936932
-2.763881940970485,8.910375510468223
-2.75887943971986,8.892082611389501
-2.7538769384692348,8.86003867006919
-2.7488744372186096,8.842807804096338
-2.743871935967984,8.824872323485934
-2.7388694347173588,8.796573906831679
-2.7338669334667336,8.760905507577569
-2.728864432216108,8.734156210362864
-2.723861930965483,8.712851270664302
-2.7188594297148576,8.679209794675415
-2.713856928464232,8.660372503305977
-2.708854427213607,8.63884377577531
-2.7038519259629816,8.603335675294478
-2.6988494247123564,8.596641682368192
-2.693846923461731,8.567753243405052
-2.6888444222111056,8.542456644406501
-2.6838419209604805,8.524011494548262
-2.678839419709855,8.4906716466232
-2.6738369184592297,8.470233818953249
-2.6688344172086045,8.458562664420041
-2.663831915957979,8.425943097943216
-2.6588294147073537,8.39532845156408
-2.6538269134567285,8.38009610217718
-2.6488244122061033,8.357808164057646
-2.6438219109554777,8.341979088716947
-2.6388194097048525,8.31908624858058
-2.6338169084542273,8.295039348624282
-2.6288144072036017,8.255057050362126
-2.6238119059529765,8.234365834408539
-2.6188094047023514,8.215857919945645
-2.6138069034517257,8.198045325445822
-2.6088044022011005,8.170292729526562
-2.6038019009504754,8.138927968751043
-2.59879939969985,8.128104217303981
-2.5937968984492246,8.093188942045982
-2.5887943971985994,8.074876524527756
-2.583791895947974,8.059975075405264
-2.5787893946973486,8.03507139191041
-2.5737868934467234,8.026070791426875
-2.568784392196098,8.000542569689152
-2.5637818909454726,7.97337974943756
-2.5587793896948474,7.959195672253685
-2.5537768884442222,7.926833755604399
-2.548774387193597,7.912924674138067
-2.5437718859429714,7.892037167742609
-2.5387693846923463,7.868656085963724
-2.533766883441721,7.849656973094146
-2.5287643821910955,7.8279684185042075
-2.5237618809404703,7.800328558613827
-2.518759379689845,7.773632248205999
-2.5137568784392195,7.758496319144744
-2.5087543771885943,7.745200241550378
-2.503751875937969,7.729286318874048
-2.498749374687344,7.7043071772887615
-2.4937468734367183,7.67948557661512
-2.488744372186093,7.65453398764601
-2.483741870935468,7.630690967780426
-2.4787393696848423,7.612594471865845
-2.473736868434217,7.605774951522433
-2.468734367183592,7.582354230759683
-2.4637318659329663,7.557153812099667
-2.458729364682341,7.534848812642081
-2.453726863431716,7.519440446787425
-2.448724362181091,7.497023287709244
-2.443721860930465,7.477341628340873
-2.43871935967984,7.4606462760700705
-2.433716858429215,7.4421791801186306
-2.428714357178589,7.424608584418699
-2.423711855927964,7.396087547992512
-2.418709354677339,7.365048997442294
-2.4137068534267136,7.36854324770162
-2.408704352176088,7.343633240371278
-2.403701850925463,7.325527910521813
-2.3986993496748377,7.301094614380973
-2.393696848424212,7.285983112314629
-2.388694347173587,7.271242122066245
-2.3836918459229617,7.238129338030905
-2.378689344672336,7.22729631402329
-2.373686843421711,7.207747582625724
-2.3686843421710857,7.192634689262302
-2.3636818409204605,7.171475763969015
-2.358679339669835,7.148896385707161
-2.3536768384192097,7.137986208456599
-2.3486743371685845,7.117399326197776
-2.343671835917959,7.101782297264961
-2.3386693346673337,7.072789876857304
-2.3336668334167086,7.066947000064577
-2.328664332166083,7.042545227547709
-2.3236618309154577,7.024882211266943
-2.3186593296648326,7.000199984304832
-2.3136568284142074,6.9967791846691805
-2.3086543271635818,6.970446350816549
-2.3036518259129566,6.955143257327876
-2.2986493246623314,6.93687586854947
-2.293646823411706,6.922825788756182
-2.2886443221610806,6.902533030369657
-2.2836418209104554,6.887058171410486
-2.27863931965983,6.86628396765823
-2.2736368184092046,6.858078111017678
-2.2686343171585794,6.8310506735462715
-2.2636318159079543,6.809422837338278
-2.2586293146573286,6.800934583757499
-2.2536268134067035,6.7845900376203785
-2.2486243121560783,6.769746457570074
-2.2436218109054527,6.7507869914982335
-2.2386193096548275,6.739864276623041
-2.2336168084042023,6.716902025864259
-2.2286143071535767,6.695341730322659
-2.2236118059029515,6.682244743687275
-2.2186093046523263,6.665406603098781
-2.213606803401701,6.655945742783487
-2.2086043021510755,6.63941238207976
-2.2036018009004503,6.618976498662404
-2.198599299649825,6.606174453778051
-2.1935967983991995,6.5941257032215965
-2.1885942971485743,6.56880837117927
-2.183591795897949,6.550582792158841
-2.1785892946473235,6.53457096015756
-2.1735867933966984,6.525824133416968
-2.168584292146073,6.513556478981702
-2.163581790895448,6.491310674447742
-2.1585792896448224,6.486220164919803
-2.153576788394197,6.4604883824054316
-2.148574287143572,6.44772980785101
-2.1435717858929464,6.434479843489199
-2.138569284642321,6.412756577860967
-2.133566783391696,6.399800502324019
-2.1285642821410704,6.385990722794876
-2.1235617808904452,6.370370048258341
-2.11855927963982,6.3466916422856725
-2.113556778389195,6.3482805856516915
-2.1085542771385692,6.325699965109557
-2.103551775887944,6.304925930527968
-2.098549274637319,6.297404926571613
-2.0935467733866933,6.282454155232637
-2.088544272136068,6.272066973874365
-2.083541770885443,6.250539660184307
-2.0785392696348173,6.239625844894164
-2.073536768384192,6.226147970856431
-2.068534267133567,6.207740551624365
-2.0635317658829417,6.197706287340256
-2.058529264632316,6.181235545781771
-2.053526763381691,6.173753272729593
-2.0485242621310658,6.1554393522199256
-2.04352176088044,6.150991598134324
-2.038519259629815,6.125827670358376
-2.0335167583791898,6.109542466290648
-2.028514257128564,6.10387391822483
-2.023511755877939,6.083632255631748
-2.018509254627314,6.072594456929622
-2.0135067533766886,6.056552702705564
-2.008504252126063,6.048925643827505
-2.003501750875438,6.030780576358106
-1.9984992496248126,6.021954816325058
-1.993496748374187,6.007785962803942
-1.9884942471235618,5.991624459211416
-1.9834917458729366,5.983409911614284
-1.9784892446223115,5.968802295630454
-1.9734867433716858,5.953256425898915
-1.9684842421210607,5.943829295269237
-1.9634817408704355,5.929256734500092
-1.9584792396198099,5.91446637564991
-1.9534767383691847,5.9068098757058
-1.9484742371185595,5.895167899660722
-1.9434717358679339,5.8817794941895745
-1.9384692346173087,5.866750765119695
-1.9334667333666835,5.861714576869966
-1.9284642321160583,5.842108115352166
-1.9234617308654327,5.8313438619070155
-1.9184592296148075,5.814904986820357
-1.9134567283641823,5.805072692748013
-1.9084542271135567,5.788544229751835
-1.9034517258629315,5.78456043465906
-1.8984492246123064,5.775014996056664
-1.8934467233616807,5.758255098065344
-1.8884442221110556,5.747724202297753
-1.8834417208604304,5.732389897971169
-1.8784392196098052,5.721880079787438
-1.8734367183591796,5.712346525559201
-1.8684342171085544,5.69654121139218
-1.8634317158579292,5.693632264106651
-1.8584292146073036,5.673725456556996
-1.8534267133566784,5.666566253059623
-1.8484242121060532,5.655301931445485
-1.8434217108554276,5.6371567022545515
-1.8384192096048024,5.62911800292719
-1.8334167083541772,5.615146894101272
-1.828414207103552,5.6082026474249025
-1.8234117058529264,5.59672686321703
-1.8184092046023013,5.586999194044465
-1.813406703351676,5.5802522513042305
-1.8084042021010505,5.5614545131073925
-1.8034017008504253,5.557087729661657
-1.7983991995998,5.543324589258492
-1.7933966983491745,5.534219057764643
-1.7883941970985493,5.523874425394277
-1.7833916958479241,5.516323775751796
-1.778389194597299,5.496233563210532
-1.7733866933466733,5.486445159670682
-1.7683841920960481,5.482235030305686
-1.763381690845423,5.468830218030039
-1.7583791895947973,5.466580952974546
-1.7533766883441722,5.452788781625825
-1.748374187093547,5.445687660766433
-1.7433716858429213,5.426181660402451
-1.7383691845922962,5.4246475262548195
-1.733366683341671,5.405866849372852
-1.7283641820910458,5.401705738010172
-1.7233616808404202,5.389812336777811
-1.718359179589795,5.371897593476773
-1.7133566783391698,5.368989171294711
-1.7083541770885442,5.358287425198899
-1.703351675837919,5.353029017603314
-1.6983491745872938,5.3376168407719495
-1.6933466733366682,5.337972637470459
-1.688344172086043,5.318549956327714
-1.6833416708354179,5.315671390687081
-1.6783391695847927,5.3050229695256155
-1.673336668334167,5.293577146279682
-1.6683341670835419,5.285817157717888
-1.6633316658329167,5.274681701365125
-1.658329164582291,5.272195830309432
-1.653326663331666,5.2562631138918325
-1.6483241620810407,5.247257488031604
-1.643321660830415,5.244590416669261
-1.63831915957979,5.226823301572964
-1.6333166583291647,5.224416650744153
-1.6283141570785395,5.216507754460203
-1.623311655827914,5.200964887102001
-1.6183091545772887,5.201951482075576
-1.6133066533266636,5.191992405071154
-1.608304152076038,5.1817233977679065
-1.6033016508254128,5.165190645915405
-1.5982991495747876,5.163963733512963
-1.593296648324162,5.160746353173387
-1.5882941470735368,5.14877283132009
-1.5832916458229116,5.142209765382445
-1.5782891445722864,5.12852338698191
-1.5732866433216608,5.120526487614871
-1.5682841420710356,5.114199970929265
-1.5632816408204104,5.107606332651269
-1.5582791395697848,5.094846903864902
-1.5532766383191596,5.089449495650168
-1.5482741370685345,5.086278177779611
-1.5432716358179093,5.078009956814693
-1.5382691345672836,5.062830308433281
-1.5332666333166585,5.057984273486586
-1.5282641320660333,5.053124905150902
-1.5232616308154077,5.0413913296866255
-1.5182591295647825,5.031304193969266
-1.5132566283141573,5.0248727423840105
-1.5082541270635317,5.018575438207978
-1.5032516258129065,5.0046987109403895
-1.4982491245622813,5.002348304881127
-1.4932466233116561,5.001817363404242
-1.4882441220610305,4.983799259690113
-1.4832416208104053,4.985986266387144
-1.4782391195597802,4.9770931994912555
-1.4732366183091545,4.964711189525602
-1.4682341170585294,4.960920265178371
-1.4632316158079042,4.960449244382
-1.4582291145572785,4.944814622178594
-1.4532266133066534,4.937251737151062
-1.4482241120560282,4.931915126471841
-1.443221610805403,4.9244304415281395
-1.4382191095547774,4.925940131821664
-1.4332166083041522,4.9170576079413335
-1.428214107053527,4.901351324987004
-1.4232116058029014,4.902460158456048
-1.4182091045522762,4.894479416243954
-1.413206603301651,4.885674914549633
-1.4082041020510254,4.880274700656423
-1.4032016008004002,4.877657625821843
-1.398199099549775,4.86915045366301
-1.3931965982991499,4.86177182149497
-1.3881940970485243,4.851954406431926
-1.383191595797899,4.847767097317816
-1.378189094547274,4.8428304409541365
-1.3731865932966483,4.83755919772609
-1.368184092046023,4.836870288130224
-1.363181590795398,4.829489236044301
-1.3581790895447723,4.81721669554774
-1.353176588294147,4.80787790421952
-1.348174087043522,4.804039443199647
-1.3431715857928967,4.799663622826747
-1.3381690845422711,4.792825811782748
-1.333166583291646,4.7836970322577015
-1.3281640820410208,4.784808461785368
-1.3231615807903951,4.773400891434534
-1.31815907953977,4.763003350074955
-1.3131565782891448,4.7651758193442095
-1.3081540770385192,4.759896627836217
-1.303151575787894,4.749718083552518
-1.2981490745372688,4.740544590737182
-1.2931465732866436,4.735291092573483
-1.288144072036018,4.7328866054457555
-1.2831415707853928,4.726040516725652
-1.2781390695347676,4.720650182613145
-1.273136568284142,4.716613928420286
-1.2681340670335168,4.718360867060358
-1.2631315657828917,4.704532241065628
-1.258129064532266,4.705455397236902
-1.2531265632816408,4.699409816694928
-1.2481240620310157,4.688075387543451
-1.2431215607803905,4.6856540889218
-1.2381190595297649,4.6759321702254795
-1.2331165582791397,4.676881072642884
-1.2281140570285145,4.6687759266415325
-1.2231115557778889,4.6609083996495935
-1.2181090545272637,4.664642933718933
-1.2131065532766385,4.657743769226335
-1.208104052026013,4.649484690486052
-1.2031015507753877,4.645052100338752
-1.1980990495247625,4.644365767883249
-1.1930965482741374,4.638778642128088
-1.1880940470235117,4.638004414571357
-1.1830915457728866,4.630253059795201
-1.1780890445222614,4.62359983886433
-1.1730865432716358,4.617235858948978
-1.1680840420210106,4.614120095029437
-1.1630815407703854,4.606719879499524
-1.1580790395197598,4.603158670204376
-1.1530765382691346,4.60564436280636
-1.1480740370185094,4.593090044027823
-1.1430715357678842,4.587708746270317
-1.1380690345172586,4.585233374212816
-1.1330665332666334,4.58671279240515
-1.1280640320160082,4.581221139118512
-1.1230615307653826,4.576573604520876
-1.1180590295147574,4.569490055906878
-1.1130565282641323,4.56652755573303
-1.108054027013507,4.560719013631404
-1.1030515257628815,4.558402346771528
-1.0980490245122563,4.560196520116051
-1.093046523261631,4.5480646520382955
-1.0880440220110055,4.544230892023537
-1.0830415207603803,4.54241628542723
-1.0780390195097551,4.540338699771948
-1.0730365182591295,4.537655473262536
-1.0680340170085043,4.537994857601793
-1.0630315157578791,4.531213766031486
-1.058029014507254,4.525386735430944
-1.0530265132566283,4.521056501735468
-1.0480240120060031,4.5137262282976724
-1.043021510755378,4.512527325069828
-1.0380190095047523,4.504648532576723
-1.0330165082541272,4.509241729130544
-1.028014007003502,4.501523717966496
-1.0230115057528764,4.499325958557981
-1.0180090045022512,4.500461066617114
-1.013006503251626,4.49151911133498
-1.0080040020010008,4.496152818916563
-1.0030015007503752,4.488302032026883
-0.9979989994997496,4.4799917242239395
-0.9929964982491244,4.4791885386251815
-0.9879939969984992,4.474781072608762
-0.982991495747874,4.476818838556082
-0.9779889944972489,4.469672262537477
-0.9729864932466237,4.465695715223589
-0.9679839919959985,4.463817030949542
-0.9629814907453724,4.460168095266468
-0.9579789894947472,4.462400580587633
-0.9529764882441221,4.451088841952104
-0.9479739869934969,4.449657863051195
-0.9429714857428717,4.452587855966364
-0.9379689844922465,4.444193564997595
-0.9329664832416213,4.440094732297956
-0.9279639819909953,4.435535424968967
-0.9229614807403701,4.436662675308925
-0.9179589794897449,4.4372066791556115
-0.9129564782391197,4.434944380482241
-0.9079539769884946,4.433354200165352
-0.9029514757378694,4.429307000545024
-0.8979489744872433,4.42751237455155
-0.8929464732366181,4.416981945145287
-0.887943971985993,4.416460741136867
-0.8829414707353678,4.414019510591393
-0.8779389694847426,4.411881866073578
-0.8729364682341174,4.413166259836906
-0.8679339669834922,4.40756472366016
-0.8629314657328662,4.399238258057807
-0.857928964482241,4.4056641856435235
-0.8529264632316158,4.404049507385789
-0.8479239619809906,4.395669701226261
-0.8429214607303654,4.398954486808291
-0.8379189594797403,4.392007468506922
-0.8329164582291151,4.39251275175913
-0.827913956978489,4.384691118067028
-0.8229114557278638,4.389124146002821
-0.8179089544772387,4.38599629752487
-0.8129064532266135,4.381644949203037
-0.8079039519759883,4.382222503717594
-0.8029014507253631,4.374133326829425
-0.797898949474737,4.375450068825287
-0.7928964482241119,4.3695141133905615
-0.7878939469734867,4.368973211240187
-0.7828914457228615,4.37028124139334
-0.7778889444722363,4.368920545334614
-0.7728864432216112,4.364090327628275
-0.767883941970986,4.3603320872547
-0.7628814407203599,4.359202005023924
-0.7578789394697347,4.354305702410614
-0.7528764382191095,4.358356431840604
-0.7478739369684844,4.354744993320871
-0.7428714357178592,4.355239958764293
-0.737868934467234,4.352079133149399
-0.7328664332166088,4.354032415844029
-0.7278639319659828,4.354092281435851
-0.7228614307153576,4.347599250187471
-0.7178589294647324,4.341976193363525
-0.7128564282141072,4.341700807045225
-0.707853926963482,4.341697225329519
-0.7028514257128569,4.345233769685132
-0.6978489244622317,4.3371092899879375
-0.6928464232116056,4.335635094579073
-0.6878439219609804,4.335546170679816
-0.6828414207103553,4.335827691897395
-0.6778389194597301,4.3308015847673635
-0.6728364182091049,4.327491015167987
-0.6678339169584797,4.329477092266398
-0.6628314157078536,4.333477723468406
-0.6578289144572285,4.327208572247347
-0.6528264132066033,4.3294286690519055
-0.6478239119559781,4.325560362004988
-0.6428214107053529,4.320714743040128
-0.6378189094547277,4.320680578059102
-0.6328164082041026,4.321789018770983
-0.6278139069534765,4.317764801034684
-0.6228114057028513,4.315384255884728
-0.6178089044522261,4.314206082081129
-0.612806403201601,4.315499160214972
-0.6078039019509758,4.317319376985024
-0.6028014007003506,4.3176521830416235
-0.5977988994497254,4.311206274999806
-0.5927963981990994,4.3061225383011115
-0.5877938969484742,4.3092644685023735
-0.582791395697849,4.308898647850698
-0.5777888944472238,4.306167985970062
-0.5727863931965986,4.310577628470863
-0.5677838919459735,4.306181646067521
-0.5627813906953474,4.304414319444599
-0.5577788894447222,4.303841107798995
-0.552776388194097,4.300999033401062
-0.5477738869434718,4.3013864750552
-0.5427713856928467,4.297308170605552
-0.5377688844422215,4.300091868544723
-0.5327663831915963,4.295419458600749
-0.5277638819409702,4.295366753920076
-0.5227613806903451,4.291979369564343
-0.5177588794397199,4.29216447910407
-0.5127563781890947,4.293852509726067
-0.5077538769384695,4.286544362016147
-0.5027513756878443,4.293941829058441
-0.49774887443721916,4.291563700965588
-0.4927463731865931,4.291262384875305
-0.4877438719359679,4.291783938155503
-0.48274137068534273,4.287710315371043
-0.47773886943471755,4.284127519407503
-0.47273636818409237,4.28820653324532
-0.4677338669334672,4.286967684996984
-0.4627313656828411,4.285006996688417
-0.45772886443221594,4.283789495034778
-0.45272636318159076,4.285752822788884
-0.4477238619309656,4.28385410214959
-0.4427213606803404,4.282182584866664
-0.4377188594297152,4.283922636748051
-0.43271635817909004,4.286789493746461
-0.427713856928464,4.279947314193765
-0.4227113556778388,4.279968304363008
-0.4177088544272136,4.283260363247806
-0.41270635317658844,4.275718132083232
-0.40770385192596326,4.276724022933305
-0.4027013506753381,4.281275630451923
-0.3976988494247129,4.277090471739433
-0.39269634817408683,4.2756109907226465
-0.38769384692346165,4.282233830260156
-0.38269134567283647,4.273186569406409
-0.3776888444222113,4.279233691777767
-0.3726863431715861,4.275579546416837
-0.36768384192096093,4.27456537265687
-0.36268134067033486,4.276438779234462
-0.3576788394197097,4.276854899411377
-0.3526763381690845,4.279205858791596
-0.3476738369184593,4.2710483123607865
-0.34267133566783414,4.26714051369243
-0.33766883441720896,4.272948940283406
-0.3326663331665838,4.2701958963023605
-0.3276638319159577,4.269016297867728
-0.32266133066533254,4.269191008922647
-0.31765882941470736,4.268077564164075
-0.3126563281640822,4.268056783004407
-0.307653826913457,4.26901004718456
-0.3026513256628318,4.269392767101384
-0.29764882441220664,4.270619694346485
-0.29264632316158057,4.274299601956173
-0.2876438219109554,4.269791838294503
-0.2826413206603302,4.265049497231314
-0.27763881940970503,4.266502142656376
-0.27263631815907985,4.26861341697993
-0.26763381690845467,4.265061222231902
-0.2626313156578295,4.271914179993046
-0.2576288144072034,4.266808655970528
-0.25262631315657824,4.264922249876771
-0.24762381190595306,4.270524824761989
-0.24262131065532788,4.268665177544434
-0.2376188094047027,4.2671923260534115
-0.23261630815407752,4.261831770006833
-0.22761380690345145,4.262321357316553
-0.22261130565282627,4.263382730136895
-0.2176088044022011,4.268570041985829
-0.21260630315157591,4.263762293422531
-0.20760380190095074,4.2592312998068085
-0.20260130065032556,4.270259996175525
-0.19759879939970038,4.264547890599268
-0.1925962981490743,4.264437536432648
-0.18759379689844913,4.265569249355796
-0.18259129564782395,4.264813854505411
-0.17758879439719877,4.269392894862162
-0.1725862931465736,4.261442739780437
-0.1675837918959484,4.266061776650121
-0.16258129064532323,4.26783439078377
-0.15757878939469716,4.269001867961494
-0.15257628814407198,4.267360718712581
-0.1475737868934468,4.262394291891412
-0.14257128564282162,4.2631593076388885
-0.13756878439219644,4.2636597987937686
-0.13256628314157126,4.257966788196534
-0.1275637818909452,4.265224964705948
-0.12256128064032001,4.26673378174943
-0.11755877938969483,4.261814139594284
-0.11255627813906965,4.2635597866041035
-0.10755377688844447,4.265724495827175
-0.1025512756378193,4.263844009669231
-0.09754877438719411,4.262778707299368
-0.09254627313656805,4.264037577571912
-0.08754377188594287,4.259338692669453
-0.08254127063531769,4.265518197286678
-0.07753876938469251,4.263522720030602
-0.07253626813406733,4.266617496468109
-0.06753376688344215,4.263489563895939
-0.06253126563281697,4.260028679442238
-0.0575287643821909,4.266422657615297
-0.05252626313156572,4.265613131884688
-0.04752376188094054,4.2628650195241775
-0.04252126063031536,4.263012055883755
-0.03751875937969018,4.261731065423714
-0.032516258129065,4.26316649811734
-0.027513756878438933,4.26705271695924
-0.022511255627813753,4.254917768977879
-0.017508754377188573,4.261522921798694
-0.012506253126563394,4.264448915811572
-0.007503751875938214,4.260918860386289
-0.002501250625313034,4.2610922256835115
0.002501250625312146,4.258478196093511
0.007503751875938214,4.263667342238893
0.012506253126563394,4.265556926976993
0.017508754377188573,4.260487706988446
0.022511255627813753,4.2653763361528885
0.027513756878438933,4.259728622948856
0.03251625812906411,4.266795550834315
0.03751875937968929,4.263470759086912
0.04252126063031536,4.265033570326131
0.04752376188094054,4.265923957427296
0.05252626313156572,4.264004453332628
0.0575287643821909,4.261201941227052
0.06253126563281608,4.266211323816419
0.06753376688344126,4.266224138707386
0.07253626813406733,4.265063872803422
0.07753876938469251,4.264206055388028
0.08254127063531769,4.262695498383643
0.08754377188594287,4.263708333286271
0.09254627313656805,4.262631221711166
0.09754877438719323,4.270781055034536
0.1025512756378184,4.265633973499298
0.10755377688844447,4.262251467060519
0.11255627813906965,4.266879818179368
0.11755877938969483,4.26555477392324
0.12256128064032001,4.262235259985028
0.1275637818909452,4.267432954342553
0.13256628314157037,4.262358374370536
0.13756878439219555,4.26438363125755
0.14257128564282162,4.260763221380911
0.1475737868934468,4.266375121991697
0.15257628814407198,4.260242451407148
0.15757878939469716,4.261806368402411
0.16258129064532234,4.265034194848873
0.16758379189594752,4.2723766572100095
0.1725862931465727,4.267278350898374
0.17758879439719877,4.266725277621978
0.18259129564782395,4.2633861045443116
0.18759379689844913,4.262936989537044
0.1925962981490743,4.2647113411005115
0.1975987993996995,4.266537951146346
0.20260130065032467,4.26726679738558
0.20760380190095074,4.2615488018002115
0.21260630315157591,4.26653879051139
0.2176088044022011,4.262868891235347
0.22261130565282627,4.269414876242525
0.22761380690345145,4.266650966469031
0.23261630815407663,4.265362852063933
0.23761880940470181,4.259928058124489
0.24262131065532788,4.268063553062305
0.24762381190595306,4.265074500250813
0.25262631315657824,4.268473808822156
0.2576288144072034,4.262878337335649
0.2626313156578286,4.265884309417199
0.2676338169084538,4.272213128965549
0.27263631815907896,4.270254496283029
0.27763881940970503,4.269112238811161
0.2826413206603302,4.2721010004786555
0.2876438219109554,4.267065798892642
0.29264632316158057,4.27304406740814
0.29764882441220575,4.2691451900905255
0.30265132566283093,4.268634234243653
0.307653826913457,4.266580001912097
0.3126563281640822,4.270473127955068
0.31765882941470736,4.276246004081473
0.32266133066533254,4.267389607934211
0.3276638319159577,4.273793626361558
0.3326663331665829,4.272161278542731
0.3376688344172081,4.279765543132234
0.34267133566783414,4.272657361576376
0.3476738369184593,4.270552173161799
0.3526763381690845,4.276486841365843
0.3576788394197097,4.276122688971526
0.36268134067033486,4.274495150582685
0.36768384192096004,4.2780282302173855
0.3726863431715852,4.274966732951583
0.3776888444222113,4.2756615881035
0.38269134567283647,4.278286807384292
0.38769384692346165,4.282937187332188
0.39269634817408683,4.2766414940942505
0.397698849424712,4.273429886816212
0.4027013506753372,4.279371740520398
0.40770385192596326,4.279113893857563
0.41270635317658844,4.278071581576299
0.4177088544272136,4.27956470351631
0.4227113556778388,4.280384886774103
0.427713856928464,4.277504582148122
0.43271635817908916,4.284763857698971
0.43771885942971434,4.286007149708795
0.4427213606803404,4.28273983258776
0.4477238619309656,4.279132357689104
0.45272636318159076,4.280812630007104
0.45772886443221594,4.28490703861441
0.4627313656828411,4.286551661769187
0.4677338669334663,4.280752808429493
0.4727363681840915,4.2872485328986905
0.47773886943471755,4.284728183571182
0.48274137068534273,4.288763923731448
0.4877438719359679,4.290215203372839
0.4927463731865931,4.287504387278418
0.49774887443721827,4.283142796921206
0.5027513756878434,4.290628267430481
0.5077538769384695,4.292349017495706
0.5127563781890947,4.293886219630135
0.5177588794397199,4.293753451492161
0.5227613806903451,4.295434123081714
0.5277638819409702,4.296150043183843
0.5327663831915954,4.301720251736445
0.5377688844422206,4.29872222327993
0.5427713856928467,4.300639210825506
0.5477738869434718,4.299466696606755
0.552776388194097,4.301193813934515
0.5577788894447222,4.304401790615003
0.5627813906953474,4.303091481497687
0.5677838919459726,4.306845148894839
0.5727863931965977,4.300952386885631
0.5777888944472238,4.3062563450105875
0.582791395697849,4.30697213642009
0.5877938969484742,4.305911606110833
0.5927963981990994,4.311034583293213
0.5977988994497245,4.311785258863837
0.6028014007003497,4.313674162841915
0.6078039019509749,4.3144759685261995
0.612806403201601,4.311602043523042
0.6178089044522261,4.31857660157649
0.6228114057028513,4.313965564229251
0.6278139069534765,4.320443978199428
0.6328164082041017,4.318524044521993
0.6378189094547269,4.31977949996154
0.6428214107053529,4.322971511500369
0.6478239119559781,4.320907051164036
0.6528264132066033,4.326462010566284
0.6578289144572285,4.327959675305766
0.6628314157078536,4.321316081743559
0.6678339169584788,4.326625910630874
0.672836418209104,4.327096793354389
0.6778389194597301,4.33094363857201
0.6828414207103553,4.3340876819513285
0.6878439219609804,4.335720854856634
0.6928464232116056,4.339722134975364
0.6978489244622308,4.337674336274399
0.702851425712856,4.345514192789354
0.7078539269634812,4.34383225846936
0.7128564282141072,4.341663246233788
0.7178589294647324,4.346597401236935
0.7228614307153576,4.351027938851823
0.7278639319659828,4.344030286274352
0.7328664332166079,4.352380406434254
0.7378689344672331,4.3523803044972
0.7428714357178592,4.351120512866965
0.7478739369684844,4.354220925542974
0.7528764382191095,4.361279029943869
0.7578789394697347,4.359351623223031
0.7628814407203599,4.359197294534405
0.7678839419709851,4.368873841858927
0.7728864432216103,4.364073969715945
0.7778889444722363,4.3674787149672625
0.7828914457228615,4.368013772353226
0.7878939469734867,4.366364976750789
0.7928964482241119,4.377215927300168
0.797898949474737,4.377599016552572
0.8029014507253622,4.378686156291929
0.8079039519759874,4.381587616865321
0.8129064532266135,4.379112305688432
0.8179089544772387,4.3890293376075356
0.8229114557278638,4.387076090360053
0.827913956978489,4.387126359280543
0.8329164582291142,4.387552123409926
0.8379189594797394,4.395365657072144
0.8429214607303654,4.3952565256813525
0.8479239619809906,4.398431366707749
0.8529264632316158,4.401462365563277
0.857928964482241,4.4045592884252605
0.8629314657328662,4.407699208426358
0.8679339669834913,4.403807052076366
0.8729364682341165,4.409640897521355
0.8779389694847426,4.412769595989447
0.8829414707353678,4.4163994067787
0.887943971985993,4.417027673116092
0.8929464732366181,4.420651652656252
0.8979489744872433,4.421533801822363
0.9029514757378685,4.421919238179042
0.9079539769884937,4.430356140471908
0.9129564782391197,4.43269141860308
0.9179589794897449,4.434515475467114
0.9229614807403701,4.4355883810335515
0.9279639819909953,4.440248260207896
0.9329664832416205,4.444891094176386
0.9379689844922456,4.453157263959966
0.9429714857428717,4.450324234467146
0.9479739869934969,4.4521157685282065
0.9529764882441221,4.453042282044731
0.9579789894947472,4.453609369538889
0.9629814907453724,4.462010955109292
0.9679839919959976,4.459641808861829
0.9729864932466228,4.4668928366119225
0.9779889944972489,4.46927315443693
0.982991495747874,4.4727738522476
0.9879939969984992,4.472700708336207
0.9929964982491244,4.476190392596117
0.9979989994997496,4.4779601816968375
1.0030015007503748,4.486883168666719
1.008004002001,4.486840607295763
1.013006503251626,4.493247751044268
1.0180090045022512,4.502848250791168
1.0230115057528764,4.497386922332032
1.0280140070035015,4.501272910047683
1.0330165082541267,4.505465675091117
1.038019009504752,4.507381735856952
1.043021510755377,4.516082113221051
1.0480240120060031,4.512803710937749
1.0530265132566283,4.517795923475127
1.0580290145072535,4.523745374069955
1.0630315157578787,4.524300231298723
1.0680340170085039,4.535642358102841
1.073036518259129,4.531043535112963
1.0780390195097551,4.540513181679551
1.0830415207603803,4.543705245905372
1.0880440220110055,4.5512526804258915
1.0930465232616307,4.554673547195381
1.0980490245122558,4.5502729590373026
1.103051525762881,4.562378575655462
1.1080540270135062,4.557500407735796
1.1130565282641323,4.565731821816877
1.1180590295147574,4.574094244433598
1.1230615307653826,4.574737967160939
1.1280640320160078,4.581804340321528
1.133066533266633,4.588756036280337
1.1380690345172582,4.58725570432186
1.1430715357678833,4.593274447156362
1.1480740370185094,4.5997809537777865
1.1530765382691346,4.599550153208834
1.1580790395197598,4.59921589086899
1.163081540770385,4.610658014929702
1.1680840420210101,4.6107517973664045
1.1730865432716353,4.617959281406601
1.1780890445222614,4.622904790145299
1.1830915457728866,4.629826101042625
1.1880940470235117,4.634374542932126
1.193096548274137,4.635417545339708
1.198099049524762,4.639316961525105
1.2031015507753873,4.644441873896732
1.2081040520260125,4.656718689988206
1.2131065532766385,4.65672928756856
1.2181090545272637,4.659365870487079
1.2231115557778889,4.665020699765911
1.228114057028514,4.674852615769172
1.2331165582791392,4.671447801871741
1.2381190595297644,4.680797470708997
1.2431215607803896,4.681564149531983
1.2481240620310157,4.690718959906384
1.2531265632816408,4.699367127986025
1.258129064532266,4.69458146055931
1.2631315657828912,4.71209311328346
1.2681340670335164,4.718284751051858
1.2731365682841416,4.717360366985733
1.2781390695347676,4.719948000824648
1.2831415707853928,4.728748163185219
1.288144072036018,4.738571461354971
1.2931465732866432,4.734957097593417
1.2981490745372684,4.740590660353756
1.3031515757878935,4.758282195747587
1.3081540770385187,4.758331246627455
1.3131565782891448,4.764567062233408
1.31815907953977,4.772709665630119
1.3231615807903951,4.7742528499862935
1.3281640820410203,4.779271966328575
1.3331665832916455,4.783261352903812
1.3381690845422707,4.7889668142537065
1.3431715857928959,4.79044505258978
1.348174087043522,4.802272625767964
1.353176588294147,4.810066951174353
1.3581790895447723,4.814143998932455
1.3631815907953975,4.82115442157529
1.3681840920460226,4.826643157273839
1.3731865932966478,4.836437150881334
1.378189094547274,4.8407147063897025
1.383191595797899,4.847598680180578
1.3881940970485243,4.856018814254428
1.3931965982991494,4.8620760586612075
1.3981990995497746,4.86800381689919
1.4032016008003998,4.8703615216173795
1.408204102051025,4.8797262025775066
1.413206603301651,4.881075985613291
1.4182091045522762,4.895098381057054
1.4232116058029014,4.902101822867316
1.4282141070535266,4.907434622661211
1.4332166083041518,4.916304380216492
1.438219109554777,4.9178524083088035
1.4432216108054021,4.922920748689476
1.4482241120560282,4.93257062254024
1.4532266133066534,4.941980529737275
1.4582291145572785,4.95084132908168
1.4632316158079037,4.958646014795184
1.468234117058529,4.953674362465026
1.473236618309154,4.966403632366102
1.4782391195597793,4.971235486577406
1.4832416208104053,4.984110890899129
1.4882441220610305,4.987093961411434
1.4932466233116557,4.998336750258938
1.4982491245622809,5.010092287132167
1.503251625812906,5.010732373737724
1.5082541270635312,5.0133709783521345
1.5132566283141573,5.024883383453844
1.5182591295647825,5.036335467134194
1.5232616308154077,5.034659892745186
1.5282641320660328,5.049913714770955
1.533266633316658,5.059930198506032
1.5382691345672832,5.05839443787076
1.5432716358179084,5.076841747207808
1.5482741370685345,5.0833106607193335
1.5532766383191596,5.08641162819018
1.5582791395697848,5.101506124596501
1.56328164082041,5.103451646182597
1.5682841420710352,5.117800127347959
1.5732866433216603,5.118968644497411
1.5782891445722855,5.1337191433584115
1.5832916458229116,5.139291862988816
1.5882941470735368,5.143754848744531
1.593296648324162,5.153288230302397
1.5982991495747871,5.170134289137344
1.6033016508254123,5.165507880598522
1.6083041520760375,5.17623850705586
1.6133066533266636,5.192383878985083
1.6183091545772887,5.20292854812871
1.623311655827914,5.208726240344003
1.628314157078539,5.209249962327612
1.6333166583291643,5.220578256893749
1.6383191595797895,5.2394682109359545
1.6433216608304146,5.2423403517160825
1.6483241620810407,5.248887447805344
1.653326663331666,5.254377607038881
1.658329164582291,5.269569465645584
1.6633316658329163,5.280164652440295
1.6683341670835414,5.2914687999092065
1.6733366683341666,5.300143289012172
1.6783391695847918,5.304159860876875
1.6833416708354179,5.312771317901237
1.688344172086043,5.326151433746397
1.6933466733366682,5.334860716232494
1.6983491745872934,5.349042491116252
1.7033516758379186,5.351975132993335
1.7083541770885438,5.356320126450472
1.7133566783391698,5.378919878363257
1.718359179589795,5.384259198051061
1.7233616808404202,5.388586230899211
1.7283641820910454,5.403443890050308
1.7333666833416705,5.410803597719248
1.7383691845922957,5.419525163755436
1.743371685842921,5.433920367175977
1.748374187093547,5.445815800904117
1.7533766883441722,5.449653401893781
1.7583791895947973,5.4612619343972195
1.7633816908454225,5.468528317842554
1.7683841920960477,5.474458173193705
1.7733866933466729,5.493124588137169
1.778389194597298,5.499529805344842
1.7833916958479241,5.513137877861099
1.7883941970985493,5.523149165691835
1.7933966983491745,5.533537044509895
1.7983991995997997,5.553034757211944
1.8034017008504248,5.551838643411802
1.80840420210105,5.568204012789085
1.813406703351676,5.578040274649087
1.8184092046023013,5.585447151982332
1.8234117058529264,5.603626887884215
1.8284142071035516,5.612858045352217
1.8334167083541768,5.6187846017410426
1.838419209604802,5.629652870420304
1.8434217108554272,5.641641878381169
1.8484242121060532,5.649996631347136
1.8534267133566784,5.666916845401709
1.8584292146073036,5.677847961635602
1.8634317158579288,5.690879002299044
1.868434217108554,5.7037739317763565
1.8734367183591791,5.708983626328137
1.8784392196098043,5.721784972949457
1.8834417208604304,5.7360461915716385
1.8884442221110556,5.751509134880687
1.8934467233616807,5.759502244299706
1.898449224612306,5.769738456112481
1.903451725862931,5.780447243001957
1.9084542271135563,5.7986118475763355
1.9134567283641815,5.808884334544231
1.9184592296148075,5.817395375785944
1.9234617308654327,5.828083906408561
1.9284642321160579,5.844507698387547
1.933466733366683,5.854627843166742
1.9384692346173082,5.8636220194696405
1.9434717358679334,5.875617549818706
1.9484742371185595,5.895676681017108
1.9534767383691847,5.90050049000846
1.9584792396198099,5.920557867382299
1.963481740870435,5.928769752485084
1.9684842421210602,5.947384031449781
1.9734867433716854,5.959616979183726
1.9784892446223106,5.972869240779454
1.9834917458729366,5.981229270478298
1.9884942471235618,5.997677481265772
1.993496748374187,6.004084257596661
1.9984992496248122,6.0206986197586145
2.0035017508754374,6.029077245437675
2.0085042521260625,6.044791509665842
2.0135067533766877,6.061258936254652
2.018509254627314,6.080993539661902
2.023511755877939,6.089853385966749
2.028514257128564,6.1036323459065125
2.0335167583791893,6.113339560612946
2.0385192596298145,6.126766655762636
2.0435217608804397,6.136063677169008
2.0485242621310658,6.161755643430805
2.053526763381691,6.174729911491666
2.058529264632316,6.190261759493962
2.0635317658829413,6.196114265425233
2.0685342671335665,6.215790341477312
2.0735367683841917,6.230882446254143
2.078539269634817,6.233904986521929
2.083541770885443,6.253964718189589
2.088544272136068,6.266838081172465
2.0935467733866933,6.286612512211742
2.0985492746373184,6.30366681181679
2.1035517758879436,6.32147526705404
2.108554277138569,6.323112275781929
2.113556778389194,6.339826528185129
2.11855927963982,6.352625453383794
2.1235617808904452,6.374170575758004
2.1285642821410704,6.387805287572474
2.1335667833916956,6.402923967887471
2.1385692846423208,6.418295797150286
2.143571785892946,6.433706877040621
2.148574287143572,6.452761759267757
2.153576788394197,6.46230957961192
2.1585792896448224,6.475548177230296
2.1635817908954476,6.496465399794783
2.1685842921460727,6.507406282693948
2.173586793396698,6.526505487120593
2.178589294647323,6.539714794093859
2.183591795897949,6.557985406964783
2.1885942971485743,6.572245791396021
2.1935967983991995,6.585052718299002
2.1985992996498247,6.604380657576026
2.20360180090045,6.6183517671228955
2.208604302151075,6.637376945333865
2.2136068034017002,6.6505901448176985
2.2186093046523263,6.667993405505529
2.2236118059029515,6.687475351037125
2.2286143071535767,6.7061835216453245
2.233616808404202,6.720151803106415
2.238619309654827,6.7322034425393396
2.243621810905452,6.7559311672742135
2.2486243121560783,6.758334816054016
2.2536268134067035,6.780775155577663
2.2586293146573286,6.79611377796513
2.263631815907954,6.816491973268166
2.268634317158579,6.83162804593928
2.273636818409204,6.860494761337814
2.2786393196598294,6.871251938469701
2.2836418209104554,6.888685600132457
2.2886443221610806,6.906227023546545
2.293646823411706,6.920692993053081
2.298649324662331,6.9300428455330465
2.303651825912956,6.947077947618128
2.3086543271635813,6.9687733955802456
2.3136568284142065,6.984910969691445
2.3186593296648326,7.005879615331676
2.3236618309154577,7.0250647686574315
2.328664332166083,7.044886331264906
2.333666833416708,7.060403458317474
2.3386693346673333,7.084541933821926
2.3436718359179585,7.0966587918678385
2.3486743371685836,7.112015350116669
2.3536768384192097,7.141119850296241
2.358679339669835,7.148868274263846
2.36368184092046,7.172266372522206
2.3686843421710853,7.184980554657196
2.3736868434217104,7.207326047329439
2.3786893446723356,7.228511518978307
2.3836918459229617,7.241383776098463
2.388694347173587,7.2720489311839245
2.393696848424212,7.283237867965486
2.3986993496748372,7.296188313718969
2.4037018509254624,7.3288783590724025
2.4087043521760876,7.3349617850043
2.4137068534267128,7.367022022044999
2.418709354677339,7.377304114707557
2.423711855927964,7.397558637676587
2.428714357178589,7.418661060969918
2.4337168584292144,7.43560339455125
2.4387193596798395,7.466166547065043
2.4437218609304647,7.473308327419721
2.44872436218109,7.493902892297189
2.453726863431716,7.517492533047768
2.458729364682341,7.529688797366499
2.4637318659329663,7.567381267007476
2.4687343671835915,7.560348876101628
2.4737368684342167,7.595800693613522
2.478739369684842,7.620513556959992
2.483741870935468,7.629481428742471
2.488744372186093,7.6492187191911265
2.4937468734367183,7.679601983602128
2.4987493746873435,7.695932477532659
2.5037518759379687,7.7140601221768454
2.508754377188594,7.734687940341397
2.513756878439219,7.7662794887505715
2.518759379689845,7.7899379375106035
2.5237618809404703,7.80036114103603
2.5287643821910955,7.820635748198102
2.5337668834417206,7.845284965996609
2.538769384692346,7.864717932676706
2.543771885942971,7.890019675981589
2.548774387193596,7.911131978635015
2.5537768884442222,7.9254916039627545
2.5587793896948474,7.948056844209712
2.5637818909454726,7.966381110552907
2.5687843921960978,7.999624972969492
2.573786893446723,8.015497120214283
2.578789394697348,8.046071383167192
2.583791895947974,8.063153297793976
2.5887943971985994,8.08671554176501
2.5937968984492246,8.104631012507419
2.5987993996998497,8.13284627540722
2.603801900950475,8.15203353749806
2.6088044022011,8.165623987680586
2.6138069034517253,8.189464774646687
2.6188094047023514,8.22042094551336
2.6238119059529765,8.233194022509087
2.6288144072036017,8.264015083874865
2.633816908454227,8.281150703724471
2.638819409704852,8.308048939077803
2.6438219109554773,8.330893988859842
2.6488244122061024,8.354802936027546
2.6538269134567285,8.383820265477112
2.6588294147073537,8.402451315346262
2.663831915957979,8.430423332777634
2.668834417208604,8.441719846036522
2.673836918459229,8.467399417315214
2.6788394197098544,8.48177165778013
2.6838419209604805,8.522337220601592
2.6888444222111056,8.547181835270663
2.693846923461731,8.570776962035879
2.698849424712356,8.595849729444678
2.703851925962981,8.614834976542772
2.7088544272136064,8.640081192694485
2.7138569284642315,8.656944336748053
2.7188594297148576,8.684829343620168
2.723861930965483,8.71348341556906
2.728864432216108,8.755719978940965
2.733866933466733,8.762721530097455
2.7388694347173583,8.803680573292699
2.7438719359679835,8.815802027606342
2.7488744372186087,8.834288180557058
2.7538769384692348,8.872591276597039
2.75887943971986,8.887171786577616
2.763881940970485,8.908261392362062
2.7688844422211103,8.944837162074341
2.7738869434717355,8.97159474541454
2.7788894447223607,8.995095285273687
2.783891945972986,9.014282444910355
2.788894447223612,9.0444189650907
2.793896948474237,9.070750049376255
2.7988994497248623,9.100443724951214
2.8039019509754874,9.117964581719564
2.8089044522261126,9.154307310396815
2.813906953476738,9.160598764039698
2.818909454727364,9.194872257382347
2.823911955977989,9.214580016800886
2.8289144572286142,9.254340640981077
2.8339169584792394,9.283393222041697
2.8389194597298646,9.2909699037533
2.8439219609804898,9.319139028053343
2.848924462231115,9.350315665956423
2.853926963481741,9.390757490906083
2.858929464732366,9.40852369908508
2.8639319659829914,9.432536441146109
2.8689344672336166,9.471960969664435
2.8739369684842417,9.479051061042538
2.878939469734867,9.513979673391058
2.883941970985492,9.532772569770497
2.888944472236118,9.579967228879555
2.8939469734867433,9.599065870902955
2.8989494747373685,9.616392911001263
2.9039519759879937,9.657351152335734
2.908954477238619,9.680295321909284
2.913956978489244,9.703581540409681
2.91895947973987,9.735978046275024
2.9239619809904953,9.776274345523811
2.9289644822411205,9.790054396015512
2.9339669834917457,9.83401188372051
2.938969484742371,9.857620786872967
2.943971985992996,9.87251871847772
2.948974487243621,9.903897624571378
2.9539769884942473,9.934346406836621
2.9589794897448725,9.965967336513959
2.9639819909954976,9.999975481184812
2.968984492246123,10.03145501836978
2.973986993496748,10.051154434827799
2.978989494747373,10.088724184927031
2.9839919959979984,10.125178053208094
2.9889944972486244,10.136750884900074
2.9939969984992496,10.186193030640851
2.998999499749875,10.21061172214897
3.004002001000501,10.230883465023028
3.009004502251125,10.264941498770222
3.014007003501751,10.298107789182035
3.0190095047523755,10.319192176202595
3.0240120060030016,10.349051926058193
3.029014507253626,10.386253754901844
3.034017008504252,10.417425327990596
3.039019509754878,10.443743680485552
3.0440220110055023,10.477488540888817
3.0490245122561284,10.507164355760382
3.0540270135067527,10.536443725028569
3.0590295147573787,10.566927458411502
3.064032016008003,10.59642724417939
3.069034517258629,10.630658869008641
3.074037018509255,10.656501852765084
3.0790395197598794,10.676770632083258
3.0840420210105055,10.72183076316361
3.08904452226113,10.751557110903049
3.094047023511756,10.792727722135517
3.09904952476238,10.80939452576786
3.1040520260130062,10.841154879095747
3.1090545272636323,10.880480821342019
3.1140570285142566,10.90803049059957
3.1190595297648827,10.953373861587398
3.124062031015507,10.971107974109328
3.129064532266133,11.005842768157583
3.1340670335167573,11.029900178462773
3.1390695347673834,11.065768870737205
3.1440720360180094,11.1028739929063
3.1490745372686337,11.142791522362241
3.15407703851926,11.170211981475877
3.159079539769884,11.20971074562986
3.16408204102051,11.239087762083843
3.1690845422711345,11.252627545557825
3.1740870435217605,11.294990553112903
3.1790895447723866,11.340911572320662
3.184092046023011,11.367128022211741
3.189094547273637,11.39833964763563
3.1940970485242612,11.450754142515873
3.1990995497748873,11.477669670221225
3.2041020510255134,11.499026457621941
3.2091045522761377,11.545713979467244
3.2141070535267637,11.563986680165197
3.219109554777388,11.6028909838295
3.224112056028014,11.639927125469871
3.2291145572786384,11.67569744649874
3.2341170585292645,11.715540530354236
3.2391195597798905,11.73767267654047
3.244122061030515,11.779651751424911
3.249124562281141,11.808819011858029
3.254127063531765,11.83929250201122
3.2591295647823912,11.873025854391551
3.2641320660330155,11.910605215262644
3.2691345672836416,11.966171348215811
3.2741370685342677,11.992790204265138
3.279139569784892,12.03693376777251
3.284142071035518,12.065986593901881
3.2891445722861423,12.089496891765622
3.2941470735367684,12.129817118323636
3.2991495747873927,12.16883144673266
3.3041520760380187,12.199365337896056
3.309154577288645,12.231704799371991
3.314157078539269,12.277165472301322
3.319159579789895,12.325708602982054
3.3241620810405195,12.359341720431146
3.3291645822911455,12.390457689061819
3.33416708354177,12.421750004970978
3.339169584792396,12.468988860292283
3.344172086043022,12.498319023449337
3.3491745872936463,12.548937148414701
3.3541770885442723,12.574469711947128
3.3591795897948966,12.604491633497132
3.3641820910455227,12.647654387008696
3.369184592296147,12.693766512243098
3.374187093546773,12.732670016270497
3.379189594797399,12.763725768907353
3.3841920960480234,12.79749063680999
3.3891945972986495,12.837232834734884
3.3941970985492738,12.854464911864769
3.3991995997999,12.922043413510288
3.404202101050526,12.952579638303742
3.40920460230115,12.993337473670763
3.4142071035517763,13.009332169481802
3.4192096048024005,13.054380478097748
3.4242121060530266,13.10048384536068
3.429214607303651,13.139762194415452
3.434217108554277,13.182023183358071
3.439219609804903,13.218804722892596
3.4442221110555273,13.26512995402942
3.4492246123061534,13.300017143234363
3.4542271135567777,13.322253657703023
3.4592296148074038,13.366397844431075
3.464232116058028,13.417213762268977
3.469234617308654,13.44636148143153
3.47423711855928,13.491399424021921
3.4792396198099045,13.539096641583189
3.4842421210605306,13.568960364841026
3.489244622311155,13.611409947262157
3.494247123561781,13.650443644848792
3.499249624812405,13.680752291265696
3.5042521260630313,13.716047967345023
3.5092546273136573,13.771262970028296
3.5142571285642816,13.823319746748698
3.5192596298149077,13.8577871337603
3.524262131065532,13.891045553917714
3.529264632316158,13.928101636974164
3.5342671335667823,13.981727901288926
3.5392696348174084,14.017542475955738
3.5442721360680345,14.070771103979139
3.5492746373186588,14.114583096038341
3.554277138569285,14.134055463147577
3.559279639819909,14.178584845270533
3.564282141070535,14.236262389136593
3.5692846423211595,14.264534327849509
3.5742871435717856,14.328374015343991
3.5792896448224116,14.36251307780275
3.584292146073036,14.423735695197879
3.589294647323662,14.438703713010032
3.5942971485742863,14.467567244157056
3.5992996498249124,14.522154346651053
3.6043021510755366,14.566032560974069
3.6093046523261627,14.611499171122603
3.614307153576789,14.666795896053012
3.619309654827413,14.71456322931692
3.624312156078039,14.752242376643018
3.6293146573286634,14.793047171834363
3.6343171585792895,14.818394323121518
3.6393196598299156,14.879098455506305
3.64432216108054,14.919968918249168
3.649324662331166,14.97139986762971
3.65432716358179,15.004179137310285
3.6593296648324163,15.060657183969793
3.6643321660830406,15.093648361996147
3.6693346673336666,15.149854235204991
3.6743371685842927,15.173954293884226
3.679339669834917,15.232757497451715
3.684342171085543,15.272178172662445
3.6893446723361674,15.30841686273165
3.6943471735867934,15.382773167800769
3.6993496748374177,15.400048308773854
3.704352176088044,15.442257419426612
3.70935467733867,15.507871620594099
3.714357178589294,15.55645697361728
3.71935967983992,15.58253917106616
3.7243621810905445,15.638650212091836
3.7293646823411706,15.67817730762028
3.734367183591795,15.759239350842467
3.739369684842421,15.78569774474689
3.744372186093047,15.844220375784907
3.7493746873436713,15.87704468396147
3.7543771885942974,15.92203829407894
3.7593796898449217,15.959855417993115
3.7643821910955477,15.997774573325987
3.769384692346172,16.047855861816053
3.774387193596798,16.09703052014996
3.779389694847424,16.14638867191532
3.7843921960980484,16.20734571834863
3.7893946973486745,16.22908966213882
3.794397198599299,16.29672567999522
3.799399699849925,16.343468811210126
3.804402201100549,16.368044817824742
3.8094047023511752,16.41980167573974
3.8144072036018013,16.484656963822744
3.8194097048524256,16.538175197752427
3.8244122061030517,16.5954402732444
3.829414707353676,16.623327601258048
3.834417208604302,16.67932619323789
3.839419709854928,16.721686992465074
3.8444222111055524,16.783559458583515
3.8494247123561784,16.823442694128676
3.8544272136068027,16.850629216715042
3.859429714857429,16.93830230330854
3.864432216108053,16.954081857639494
3.869434717358679,17.00002260328887
3.8744372186093052,17.08517541592623
3.8794397198599295,17.124736000980363
3.8844422211105556,17.17560989827052
3.88944472236118,17.225449189124216
3.894447223611806,17.236921570617543
3.8994497248624302,17.314786626057547
3.9044522261130563,17.35892224741647
3.9094547273636824,17.430583582577583
3.9144572286143067,17.47565434999958
3.9194597298649327,17.519254614707517
3.924462231115557,17.553323155397386
3.929464732366183,17.62043189109476
3.9344672336168074,17.66533052528571
3.9394697348674335,17.731859289831615
3.9444722361180595,17.76374249788134
3.949474737368684,17.80918888779479
3.95447723861931,17.888427191408677
3.959479739869934,17.93542128527656
3.9644822411205602,17.982731879168618
3.9694847423711845,18.016792720195937
3.9744872436218106,18.075968751888198
3.9794897448724367,18.12601389854271
3.984492246123061,18.178957354627993
3.989494747373687,18.27554741756102
3.9944972486243113,18.29413350405228
3.9994997498749374,18.328873897640065
4.004502251125562,18.40159627597346
4.009504752376188,18.454675752780876
4.014507253626814,18.49137931612428
4.019509754877438,18.573692569755078
4.024512256128064,18.62093969530069
4.0295147573786885,18.680559594625276
4.0345172586293145,18.71528903369866
4.039519759879939,18.770132558114902
4.044522261130565,18.832060832862002
4.049524762381191,18.89432738460649
4.054527263631815,18.945169698533526
4.059529764882441,18.99318990738479
4.064532266133066,19.03931668675923
4.069534767383692,19.126485611336488
4.074537268634318,19.13869036633838
4.079539769884942,19.218097089933902
4.084542271135568,19.277774413626872
4.089544772386192,19.331275856711105
4.0945472736368185,19.379435393784924
4.099549774887443,19.442865174895417
4.104552276138069,19.498661731150225
4.109554777388695,19.526353663350136
4.114557278639319,19.599609111254114
4.119559779889945,19.67594976998588
4.1245622811405696,19.715818013559012
4.129564782391196,19.77093538717831
4.13456728364182,19.84485841377323
4.139569784892446,19.862575279295307
4.144572286143072,19.930816195598453
4.149574787393696,19.982681554069963
4.154577288644322,20.038942129358784
4.159579789894947,20.103329530629928
4.164582291145573,20.164190209540696
4.169584792396197,20.23301838656413
4.174587293646823,20.29998772739185
4.179589794897449,20.346695472806
4.1845922961480735,20.414403696133178
4.1895947973986996,20.453083425704477
4.194597298649324,20.51462739229306
4.19959979989995,20.57707247304521
4.204602301150574,20.637540676047454
4.2096048024012,20.644232384654252
4.214607303651826,20.74451485979052
4.219609804902451,20.81291311684165
4.224612306153077,20.88342431935995
4.229614807403701,20.93655255402245
4.234617308654327,20.982613030814388
4.239619809904951,21.055404949201492
4.244622311155577,21.07848360292205
4.2496248124062035,21.148496105737674
4.254627313656828,21.213995095239984
4.259629814907454,21.275307422144607
4.264632316158078,21.34404244107482
4.269634817408704,21.38311910797641
4.27463731865933,21.433575213719358
4.279639819909955,21.499484011719908
4.284642321160581,21.570262767087666
4.289644822411205,21.642337862379037
4.294647323661831,21.70371961815114
4.299649824912455,21.761334626716952
4.304652326163081,21.862092359346295
4.309654827413707,21.892076259790556
4.314657328664332,21.95242609117226
4.319659829914958,22.014406921618868
4.324662331165582,22.072245760435994
4.329664832416208,22.138016469282636
4.334667333666832,22.16866171453195
4.3396698349174585,22.245123551776025
4.344672336168085,22.318278946264556
4.349674837418709,22.360849868688415
4.354677338669335,22.422818639152773
4.359679839919959,22.494805317928712
4.364682341170585,22.568267176652434
4.36968484242121,22.644020189848412
4.374687343671836,22.6815561383504
4.379689844922462,22.759565798694652
4.384692346173086,22.803747812987822
4.389694847423712,22.873919433785712
4.394697348674336,22.97386427152802
4.399699849924962,22.986158552629735
4.404702351175587,23.079665479948016
4.409704852426213,23.122686588892904
4.414707353676839,23.21091218182161
4.419709854927463,23.289004373752284
4.424712356178089,23.351621766974986
4.4297148574287135,23.428302713543353
4.43471735867934,23.469774242105277
4.439719859929964,23.529269967928528
4.44472236118059,23.616141840299846
4.449724862431216,23.683042869490933
4.45472736368184,23.767710377675993
4.459729864932466,23.821175506792358
4.464732366183091,23.847957307573637
4.469734867433717,23.916065694783477
4.474737368684341,24.019036626543162
4.479739869934967,24.055055368701503
4.484742371185593,24.10471097029222
4.4897448724362174,24.192624761707695
4.4947473736868435,24.25170430079308
4.499749874937468,24.342403770391858
4.504752376188094,24.409249253074144
4.50975487743872,24.455040105568045
4.514757378689344,24.520092527292164
4.51975987993997,24.600347580456372
4.524762381190595,24.647529184255326
4.529764882441221,24.729918474825368
4.534767383691845,24.779447993297204
4.539769884942471,24.86146277651983
4.544772386193097,24.928666981022634
4.549774887443721,24.994878274042136
4.5547773886943475,25.08814403232348
4.559779889944972,25.140761966248768
4.564782391195598,25.196970432823242
4.569784892446222,25.25998328713117
4.574787393696848,25.35031086700761
4.579789894947474,25.39750567791824
4.5847923961980985,25.47080300719666
4.589794897448725,25.532181050257556
4.594797398699349,25.626977430901682
4.599799899949975,25.671355195388678
4.604802401200599,25.767985915529117
4.609804902451225,25.854882281434016
4.614807403701851,25.901335282490194
4.619809904952476,25.99621806508883
4.624812406203102,26.038737318497684
4.629814907453726,26.121529339000986
4.634817408704352,26.161658148183008
4.639819909954976,26.233147309738193
4.6448224112056025,26.33558516291308
4.6498249124562285,26.434155692729526
4.654827413706853,26.44489358957948
4.659829914957479,26.53478685425378
4.664832416208103,26.613082844004254
4.669834917458729,26.674858974971436
4.6748374187093535,26.761213177432985
4.67983991995998,26.79479783940719
4.684842421210606,26.936090177108685
4.68984492246123,27.01260422763235
4.694847423711856,27.03557308019422
4.69984992496248,27.125783770053406
4.704852426213106,27.197461973900303
4.7098549274637325,27.27428114486416
4.714857428714357,27.31736314397547
4.719859929964983,27.415333516849664
4.724862431215607,27.484362321871934
4.729864932466233,27.593321265181462
4.7348674337168575,27.604409954838296
4.7398699349674835,27.73264795661131
4.74487243621811,27.776305679574495
4.749874937468734,27.87499132412637
4.75487743871936,27.920432678257566
4.759879939969984,28.05666787025418
4.76488244122061,28.073012671412286
4.769884942471235,28.130393055240496
4.774887443721861,28.21382588084167
4.779889944972487,28.32109934079817
4.784892446223111,28.38496251075572
4.789894947473737,28.446349638625108
4.794897448724361,28.542073531346656
4.7998999499749875,28.625025277523765
4.804902451225612,28.72027140575127
4.809904952476238,28.745988487500213
4.814907453726864,28.82631820897035
4.819909954977488,28.939353956179524
4.824912456228114,28.98162072249852
4.829914957478739,29.037177262290477
4.834917458729365,29.165039794730724
4.839919959979989,29.199595701866567
4.844922461230615,29.311872715615394
4.849924962481241,29.40252337461557
4.854927463731865,29.49700662206862
4.859929964982491,29.532661889593715
4.864932466233116,29.62832076387698
4.869934967483742,29.686666375984352
4.874937468734366,29.758266838390647
4.879939969984992,29.87147318877441
4.884942471235618,29.89928525499846
4.8899449724862425,29.983675359483485
4.894947473736869,30.088875983913113
4.899949974987493,30.19754762798099
4.904952476238119,30.237493901749083
4.909954977488743,30.31499136625326
4.914957478739369,30.434093729407927
4.919959979989995,30.50365591463371
4.92496248124062,30.579290472323823
4.929964982491246,30.629118724484385
4.93496748374187,30.7198370178916
4.939969984992496,30.803350979033237
4.944972486243122,30.864766787473364
4.949974987493746,30.992736214626873
4.9549774887443725,31.062320418319594
4.959979989994997,31.16133584269386
4.964982491245623,31.18891353665291
4.969984992496247,31.273656975775765
4.974987493746873,31.376608133927665
4.979989994997499,31.48068825134213
4.984992496248124,31.540621516603125
4.98999499749875,31.635780112819205
4.994997498749374,31.71157010983314
5.0,31.7474964766198
