X,cond_var
0.01,6.350371271794425
0.012496248124062,6.350071429560741
0.014992496248124,6.35035889529634
0.017488744372186,6.350263920098796
0.0199849924962481,6.35052603820007
0.0224812406203101,6.350504517120934
0.0249774887443721,6.350759672875498
0.0274737368684342,6.350623855899885
0.0299699849924962,6.3509999945891895
0.0324662331165582,6.351013126189988
0.0349624812406203,6.351200360733776
0.0374587293646823,6.351104460641607
0.0399549774887443,6.352004651010558
0.0424512256128064,6.351687119133309
0.0449474737368684,6.352222294126057
0.0474437218609304,6.352140163021812
0.0499399699849925,6.35253133067717
0.0524362181090545,6.352638724212111
0.0549324662331165,6.353070205926664
0.0574287143571785,6.3533246408417945
0.0599249624812406,6.353744201890483
0.0624212106053026,6.354022992772136
0.0649174587293646,6.354103051560842
0.0674137068534267,6.354587238271252
0.0699099549774887,6.354944032317012
0.0724062031015507,6.355242605823436
0.0749024512256128,6.355631624324397
0.0773986993496748,6.356040872540362
0.0798949474737368,6.356509060742859
0.0823911955977989,6.356995294204784
0.0848874437218609,6.357303964982431
0.0873836918459229,6.357764138441388
0.0898799399699849,6.358031614003491
0.092376188094047,6.358412251795894
0.094872436218109,6.358845337572656
0.097368684342171,6.359765845662079
0.0998649324662331,6.359935292622814
0.1023611805902951,6.36021509150969
0.1048574287143571,6.360552610163743
0.1073536768384192,6.361270386170647
0.1098499249624812,6.361994462302119
0.1123461730865432,6.362859443973604
0.1148424212106053,6.363200155787086
0.1173386693346673,6.363652015750808
0.1198349174587293,6.364257652742467
0.1223311655827913,6.365350261601063
0.1248274137068534,6.365539220903079
0.1273236618309154,6.366268487554754
0.1298199099549775,6.366488151713205
0.1323161580790395,6.367712059187501
0.1348124062031015,6.368134060073999
0.1373086543271636,6.368530607688811
0.1398049024512256,6.369433441872942
0.1423011505752876,6.370323032307212
0.1447973986993496,6.370796102511011
0.1472936468234117,6.371747076170665
0.1497898949474737,6.37230229337765
0.1522861430715357,6.373249052868681
0.1547823911955978,6.373600500272228
0.1572786393196598,6.375039452812249
0.1597748874437218,6.375101992216724
0.1622711355677839,6.375932737380369
0.1647673836918459,6.376714377087573
0.1672636318159079,6.377444840650992
0.16975987993997,6.378736239755116
0.172256128064032,6.379168524379084
0.174752376188094,6.380361724946514
0.1772486243121561,6.381502147043669
0.1797448724362181,6.3820111419020895
0.1822411205602801,6.382848885803415
0.1847373686843421,6.384098265282799
0.1872336168084042,6.384682048865996
0.1897298649324662,6.385473385924636
0.1922261130565282,6.386002171339558
0.1947223611805903,6.38742943087995
0.1972186093046523,6.388266008834864
0.1997148574287143,6.38936000847764
0.2022111055527763,6.3903589158113725
0.2047073536768384,6.391092995387165
0.2072036018009004,6.392512605973464
0.2096998499249625,6.393095086838156
0.2121960980490245,6.39417221744436
0.2146923461730865,6.39539272845873
0.2171885942971486,6.3968233302128725
0.2196848424212106,6.397411764139536
0.2221810905452726,6.398576550610415
0.2246773386693346,6.399762215407443
0.2271735867933967,6.401000289284964
0.2296698349174587,6.402017684596806
0.2321660830415207,6.402952631953513
0.2346623311655828,6.403857591906571
0.2371585792896448,6.405321630961455
0.2396548274137068,6.406587912785448
0.2421510755377688,6.407617060190103
0.2446473236618309,6.40893269310313
0.2471435717858929,6.409808202570677
0.2496398199099549,6.411097563424134
0.252136068034017,6.412261326757231
0.254632316158079,6.4132918103206125
0.2571285642821411,6.414505920526476
0.2596248124062031,6.415673423705356
0.2621210605302651,6.417350021356459
0.2646173086543272,6.418415650633937
0.2671135567783892,6.419572528866783
0.2696098049024512,6.420932979179608
0.2721060530265132,6.422267927675004
0.2746023011505752,6.423829003930776
0.2770985492746373,6.425113080352374
0.2795947973986993,6.426012181296013
0.2820910455227614,6.427650271546402
0.2845872936468234,6.428993724514322
0.2870835417708854,6.430330766230886
0.2895797898949475,6.431780753796028
0.2920760380190095,6.433291657527519
0.2945722861430715,6.434559935954506
0.2970685342671336,6.436146339762964
0.2995647823911956,6.437250216489231
0.3020610305152576,6.438478986855821
0.3045572786393197,6.440050800054994
0.3070535267633817,6.441411854822398
0.3095497748874437,6.442771646323539
0.3120460230115057,6.444565471522675
0.3145422711355677,6.446075470076233
0.3170385192596298,6.446979639377336
0.3195347673836918,6.448732909324529
0.3220310155077538,6.449997154286003
0.3245272636318159,6.451784561479189
0.3270235117558779,6.453192439439985
0.32951975987994,6.45476538572847
0.332016008004002,6.456191609129359
0.334512256128064,6.458036337679653
0.3370085042521261,6.459231474726626
0.3395047523761881,6.460750075926324
0.3420010005002501,6.462895879570058
0.3444972486243122,6.464030197978772
0.3469934967483742,6.46557162380146
0.3494897448724362,6.467705592854538
0.3519859929964982,6.468861911663066
0.3544822411205602,6.470349725135328
0.3569784892446223,6.472863951417256
0.3594747373686843,6.473726993243243
0.3619709854927463,6.475550936495154
0.3644672336168084,6.477284445217116
0.3669634817408704,6.478901331555969
0.3694597298649325,6.480545436615809
0.3719559779889945,6.482651809488699
0.3744522261130565,6.483418762071955
0.3769484742371186,6.485687964848883
0.3794447223611806,6.487554574335581
0.3819409704852426,6.488372294598109
0.3844372186093047,6.491077880636638
0.3869334667333667,6.492505895612286
0.3894297148574287,6.494280288317912
0.3919259629814907,6.49610695917705
0.3944222111055527,6.4983689462404
0.3969184592296148,6.49937193491472
0.3994147073536768,6.501734630032616
0.4019109554777388,6.503351435909436
0.4044072036018009,6.504556864569568
0.4069034517258629,6.506761292991933
0.4093996998499249,6.508415421752468
0.411895947973987,6.510348552574273
0.414392196098049,6.512218806489958
0.4168884442221111,6.514148784273163
0.4193846923461731,6.516416439350761
0.4218809404702351,6.517713834665619
0.4243771885942972,6.519692697627363
0.4268734367183592,6.521760314198873
0.4293696848424212,6.523117379416994
0.4318659329664832,6.5257358853571095
0.4343621810905452,6.526961150709398
0.4368584292146073,6.528629860714823
0.4393546773386693,6.531178886366108
0.4418509254627313,6.532138456786743
0.4443471735867934,6.534804678207313
0.4468434217108554,6.536769002440302
0.4493396698349174,6.5395462235608
0.4518359179589795,6.5407543676470095
0.4543321660830415,6.542747807217771
0.4568284142071036,6.5451175440527
0.4593246623311656,6.547111089904441
0.4618209104552276,6.548815707607051
0.4643171585792897,6.5512697225847285
0.4668134067033517,6.552622788071688
0.4693096548274137,6.554714307882562
0.4718059029514757,6.556737811095103
0.4743021510755377,6.559120073702027
0.4767983991995998,6.560457634666586
0.4792946473236618,6.562517161411365
0.4817908954477238,6.5651825229350695
0.4842871435717859,6.566315510814903
0.4867833916958479,6.5689788491478565
0.4892796398199099,6.570998802620915
0.491775887943972,6.573157875331936
0.494272136068034,6.575384476106007
0.496768384192096,6.577464218126903
0.4992646323161581,6.579015877059287
0.50176088044022,6.581881829951673
0.5042571285642822,6.58337132559168
0.5067533766883442,6.585839231631157
0.5092496248124062,6.587845364914027
0.5117458729364682,6.589921450369551
0.5142421210605302,6.5916644745069854
0.5167383691845923,6.593972113995871
0.5192346173086544,6.597342040484626
0.5217308654327164,6.598682955718225
0.5242271135567784,6.600508400886721
0.5267233616808404,6.60350845268324
0.5292196098049025,6.604942629606694
0.5317158579289645,6.606900885270555
0.5342121060530265,6.609744618952456
0.5367083541770885,6.611362834753429
0.5392046023011505,6.61404711978788
0.5417008504252127,6.615850308641481
0.5441970985492747,6.618446298439814
0.5466933466733367,6.620234415502434
0.5491895947973987,6.622327429273864
0.5516858429214607,6.624926618808054
0.5541820910455227,6.626775147523723
0.5566783391695848,6.629619138965735
0.5591745872936469,6.632338946597775
0.5616708354177089,6.633965150874372
0.5641670835417709,6.635716229420612
0.5666633316658329,6.638445862829671
0.569159579789895,6.640758556824957
0.571655827913957,6.643609584585887
0.574152076038019,6.645181425998409
0.576648324162081,6.648240442402615
0.579144572286143,6.649600655461808
0.5816408204102052,6.652480589419012
0.5841370685342672,6.654574560862915
0.5866333166583292,6.65670772003571
0.5891295647823912,6.659088034518561
0.5916258129064532,6.661803395979286
0.5941220610305152,6.663289373957168
0.5966183091545773,6.665906598034992
0.5991145572786394,6.6680093462714405
0.6016108054027014,6.670154299198553
0.6041070535267634,6.673164426047389
0.6066033016508254,6.675080760423478
0.6090995497748874,6.677542945910644
0.6115957978989495,6.680730070484431
0.6140920460230115,6.682738017200697
0.6165882941470735,6.684307222853537
0.6190845422711355,6.686900988458313
0.6215807903951976,6.689712839217907
0.6240770385192597,6.691778015692009
0.6265732866433217,6.694599456635224
0.6290695347673837,6.696462594047723
0.6315657828914457,6.698903164406491
0.6340620310155077,6.701676118570804
0.6365582791395697,6.704211776044062
0.6390545272636319,6.706291570701081
0.6415507753876939,6.708354073276908
0.6440470235117559,6.710658027727326
0.6465432716358179,6.713503465336704
0.64903951975988,6.71609785308842
0.651535767883942,6.71907198324548
0.654032016008004,6.721147699002002
0.656528264132066,6.722650417080318
0.659024512256128,6.724992990160537
0.6615207603801901,6.727423410159124
0.6640170085042522,6.7303277987991725
0.6665132566283142,6.732486097512138
0.6690095047523762,6.734894856167445
0.6715057528764382,6.737205761202178
0.6740020010005002,6.739284979371068
0.6764982491245622,6.741378827535975
0.6789944972486244,6.744503993077588
0.6814907453726864,6.74754975822212
0.6839869934967484,6.74974520843756
0.6864832416208104,6.752033798507675
0.6889794897448724,6.754961116768391
0.6914757378689345,6.75690274535502
0.6939719859929965,6.759552327721085
0.6964682341170585,6.761691080840785
0.6989644822411205,6.764764161715027
0.7014607303651826,6.767265854779279
0.7039569784892447,6.768420118084925
0.7064532266133067,6.771461232509576
0.7089494747373687,6.774778330913932
0.7114457228614307,6.77630706770964
0.7139419709854927,6.7792143414575925
0.7164382191095547,6.781718234833085
0.7189344672336169,6.78430433426204
0.7214307153576789,6.786366854766957
0.7239269634817409,6.790669552828925
0.7264232116058029,6.79136048065001
0.7289194597298649,6.794818687217425
0.731415707853927,6.796732069283557
0.733911955977989,6.799268603567026
0.736408204102051,6.800845294377127
0.738904452226113,6.804247296454933
0.7414007003501751,6.807171521160205
0.7438969484742372,6.808942301598762
0.7463931965982992,6.811131423326051
0.7488894447223612,6.814190199017777
0.7513856928464232,6.816471764531541
0.7538819409704852,6.819463690813052
0.7563781890945472,6.82101185900967
0.7588744372186094,6.824552162492574
0.7613706853426714,6.826986238023378
0.7638669334667334,6.829236455660217
0.7663631815907954,6.831959456786143
0.7688594297148574,6.834110791067228
0.7713556778389195,6.835909439428173
0.7738519259629815,6.838263665146828
0.7763481740870435,6.841752165184212
0.7788444222111055,6.844051189786605
0.7813406703351676,6.845853935664867
0.7838369184592296,6.848446256784079
0.7863331665832917,6.851492063015717
0.7888294147073537,6.854626197104279
0.7913256628314157,6.856562090265635
0.7938219109554777,6.859066844753031
0.7963181590795397,6.860860728700594
0.7988144072036019,6.864392446088496
0.8013106553276639,6.866481414089623
0.8038069034517259,6.867596971519241
0.8063031515757879,6.87149416473709
0.8087993996998499,6.87378442245911
0.811295647823912,6.876768628038704
0.813791895947974,6.879265913766986
0.816288144072036,6.881075983335042
0.818784392196098,6.883753412532371
0.8212806403201601,6.887153481031518
0.8237768884442221,6.889106058752634
0.8262731365682842,6.891567237135502
0.8287693846923462,6.894979428037256
0.8312656328164082,6.897434938310919
0.8337618809404702,6.899023046588229
0.8362581290645322,6.900673907297071
0.8387543771885944,6.904474426518294
0.8412506253126564,6.906425148636247
0.8437468734367184,6.909993170761716
0.8462431215607804,6.911130589978902
0.8487393696848424,6.914072409946962
0.8512356178089044,6.915713374017733
0.8537318659329665,6.919200875011201
0.8562281140570285,6.9214337678912825
0.8587243621810905,6.924075570132787
0.8612206103051526,6.9274602520041055
0.8637168584292146,6.92789856065459
0.8662131065532767,6.931344597538166
0.8687093546773387,6.9344799481812185
0.8712056028014007,6.935915892712286
0.8737018509254627,6.939003960267895
0.8761980990495247,6.940664604739209
0.8786943471735869,6.943912596993382
0.8811905952976489,6.947454472509451
0.8836868434217109,6.948128376847528
0.8861830915457729,6.950273080238061
0.8886793396698349,6.954026436655943
0.8911755877938969,6.954865764053746
0.893671835917959,6.959236951929812
0.896168084042021,6.9613864049439
0.898664332166083,6.962951017947148
0.9011605802901452,6.964909103875001
0.9036568284142072,6.969285779123007
0.9061530765382692,6.970967785600091
0.9086493246623312,6.9722026506674695
0.9111455727863932,6.973684315229234
0.9136418209104552,6.977317283596038
0.9161380690345172,6.980654358810643
0.9186343171585792,6.982699357107569
0.9211305652826414,6.984332172340796
0.9236268134067034,6.986898668697119
0.9261230615307654,6.988719482336339
0.9286193096548274,6.992182131674123
0.9311155577788894,6.994644862644342
0.9336118059029516,6.996306095586876
0.9361080540270136,6.998819209913783
0.9386043021510756,7.002718624004693
0.9411005502751376,7.002919039499345
0.9435967983991996,7.006977484199595
0.9460930465232616,7.009929264571639
0.9485892946473236,7.010614641756281
0.9510855427713856,7.0129779484993895
0.9535817908954476,7.016384914445073
0.9560780390195096,7.018847102925971
0.9585742871435718,7.020791321686156
0.961070535267634,7.022473908836629
0.963566783391696,7.0264244587696725
0.966063031515758,7.028748688728317
0.96855927963982,7.030555986091211
0.971055527763882,7.031892559224338
0.973551775887944,7.033118579979052
0.976048024012006,7.035410178340191
0.978544272136068,7.038903119724472
0.98104052026013,7.040997660989794
0.983536768384192,7.043956481410612
0.986033016508254,7.047805657476567
0.9885292646323162,7.048031070995448
0.9910255127563782,7.051008605141035
0.9935217608804402,7.053619173141927
0.9960180090045022,7.056603007855353
0.9985142571285645,7.056937511119447
1.0010105052526264,7.059722957908001
1.0035067533766884,7.061030350314208
1.0060030015007504,7.06402949327342
1.0084992496248124,7.067349252863539
1.0109954977488744,7.0697386378014215
1.0134917458729364,7.070707114295722
1.0159879939969985,7.073819597813251
1.0184842421210605,7.075252081243419
1.0209804902451225,7.07824620272624
1.0234767383691843,7.080266820690715
1.0259729864932463,7.081834148569468
1.0284692346173088,7.082466229205346
1.0309654827413708,7.085831234418655
1.0334617308654328,7.087798205227758
1.0359579789894948,7.091734083444079
1.0384542271135568,7.092990408466076
1.0409504752376189,7.09492984218259
1.0434467233616809,7.0980284854071485
1.045942971485743,7.100497681116103
1.048439219609805,7.102151288089852
1.050935467733867,7.103002016772977
1.053431715857929,7.106273082938479
1.055927963981991,7.109112683046204
1.058424212106053,7.111195908420592
1.060920460230115,7.113486762407007
1.063416708354177,7.115120974832975
1.065912956478239,7.117487868113456
1.068409204602301,7.118922739790207
1.0709054527263633,7.119975852188298
1.0734017008504253,7.122615660781868
1.075897948974487,7.124917341859319
1.0783941970985491,7.127761814363992
1.0808904452226114,7.129286601665173
1.0833866933466734,7.131160421169657
1.0858829414707354,7.1340983849090405
1.0883791895947974,7.136430764739757
1.0908754377188594,7.138189176250715
1.0933716858429214,7.139228779762089
1.0958679339669837,7.143039423449476
1.0983641820910457,7.145010089291236
1.1008604302151077,7.146910673890664
1.1033566783391695,7.146879493779753
1.1058529264632315,7.1503511058452665
1.1083491745872938,7.151468672725047
1.1108454227113558,7.152527539228967
1.1133416708354178,7.156925198682172
1.1158379189594798,7.15842590776988
1.1183341670835418,7.159658140373822
1.1208304152076038,7.163429930623021
1.123326663331666,7.164813368659214
1.125822911455728,7.165438636511118
1.12831915957979,7.1691577428685145
1.130815407703852,7.168644062688681
1.133311655827914,7.171912420318274
1.135807903951976,7.173736036921681
1.138304152076038,7.176531407201686
1.1408004002001,7.175884053505973
1.143296648324162,7.179027711961425
1.145792896448224,7.181424594778523
1.148289144572286,7.183263288882354
1.1507853926963485,7.184658931288733
1.1532816408204103,7.187765913517838
1.1557778889444723,7.190295111165102
1.1582741370685343,7.190446528904928
1.1607703851925963,7.190284086289978
1.1632666333166584,7.194911564572446
1.1657628814407204,7.19491322247183
1.1682591295647824,7.1973309562766445
1.1707553776888444,7.199463149647812
1.1732516258129064,7.201555211463479
1.1757478739369684,7.202364487958362
1.1782441220610305,7.205022909808901
1.1807403701850925,7.206289755858649
1.1832366183091545,7.208201924406189
1.1857328664332163,7.210498329798385
1.1882291145572788,7.21280021550232
1.1907253626813408,7.214345637447717
1.1932216108054028,7.216791456138647
1.1957178589294648,7.21750394820326
1.1982141070535268,7.217650946244007
1.2007103551775888,7.22045776230026
1.2032066033016509,7.223374054888453
1.2057028514257129,7.223420762650551
1.208199099549775,7.224756617390617
1.210695347673837,7.227151858263154
1.213191595797899,7.229121617134712
1.215687843921961,7.230772744894002
1.218184092046023,7.233275388936946
1.220680340170085,7.233342383719042
1.223176588294147,7.235631831364992
1.225672836418209,7.237541966802962
1.228169084542271,7.238600766357653
1.2306653326663333,7.238072349016962
1.2331615807903953,7.241401983702176
1.2356578289144573,7.243146958717235
1.238154077038519,7.245114780008355
1.2406503251625811,7.245670788115152
1.2431465732866434,7.246124697827716
1.2456428214107054,7.249421264053694
1.2481390695347674,7.250848310941791
1.2506353176588294,7.251719589952676
1.2531315657828914,7.25442470420016
1.2556278139069534,7.256132636889234
1.2581240620310157,7.258228680590976
1.2606203101550777,7.258826462263283
1.2631165582791395,7.258086575543055
1.2656128064032015,7.26141267474256
1.2681090545272635,7.263179896205596
1.2706053026513258,7.263154911971047
1.2731015507753878,7.264742800965264
1.2755977988994498,7.266965046578788
1.2780940470235118,7.267186173172489
1.2805902951475738,7.267887328564172
1.2830865432716358,7.270509901611688
1.285582791395698,7.271675493746613
1.28807903951976,7.27407444352635
1.290575287643822,7.275306813598019
1.293071535767884,7.276311754519582
1.295567783891946,7.279016596593036
1.298064032016008,7.278419246601019
1.30056028014007,7.2808630940539825
1.303056528264132,7.280990149271429
1.305552776388194,7.280851395123958
1.308049024512256,7.283542921329415
1.3105452726363185,7.284745616477995
1.3130415207603805,7.287397655628956
1.3155377688844423,7.28812706344576
1.3180340170085043,7.289445725912626
1.3205302651325663,7.28973645353369
1.3230265132566283,7.291179588692222
1.3255227613806904,7.292281614985304
1.3280190095047524,7.293462902113543
1.3305152576288144,7.293984494079099
1.3330115057528764,7.294228101885658
1.3355077538769384,7.296996100467137
1.3380040020010004,7.298758421456187
1.3405002501250625,7.3003810832069105
1.3429964982491245,7.300070336351935
1.3454927463731865,7.301550465870152
1.3479889944972487,7.303027883088466
1.3504852426213108,7.3035002840292895
1.3529814907453728,7.305646060734448
1.3554777388694348,7.30629008030702
1.3579739869934968,7.307045928942267
1.3604702351175588,7.306829745523801
1.3629664832416208,7.310400142844163
1.3654627313656829,7.312131115059009
1.3679589794897449,7.311693537963411
1.370455227613807,7.312912925731328
1.372951475737869,7.312915986027334
1.375447723861931,7.313951380738957
1.377943971985993,7.314067747758907
1.380440220110055,7.314625467073712
1.382936468234117,7.317118885719196
1.385432716358179,7.317171107207849
1.387928964482241,7.319905180986734
1.3904252126063033,7.319756786658226
1.3929214607303653,7.319211130720599
1.3954177088544273,7.32102888062322
1.3979139569784893,7.321403928195641
1.400410205102551,7.323185326599939
1.4029064532266131,7.323498199402575
1.4054027013506754,7.324045695236746
1.4078989494747374,7.324958703181083
1.4103951975987994,7.326537104551134
1.4128914457228614,7.327460209907927
1.4153876938469234,7.327373557269741
1.4178839419709854,7.329639946259851
1.4203801900950477,7.3288989971280865
1.4228764382191097,7.330345249456264
1.4253726863431715,7.329108043317722
1.4278689344672335,7.331501550874754
1.4303651825912955,7.332609058668599
1.4328614307153578,7.33286844872446
1.4353576788394198,7.332243509654811
1.4378539269634818,7.335733968093861
1.4403501750875438,7.334316339201782
1.4428464232116058,7.336644087588582
1.445342671335668,7.335859306211657
1.44783891945973,7.337349713812905
1.450335167583792,7.336451649750423
1.452831415707854,7.337120014736072
1.455327663831916,7.338110719564321
1.457823911955978,7.33978250231389
1.46032016008004,7.338738715736185
1.462816408204102,7.341518708861196
1.465312656328164,7.3417938285635485
1.467808904452226,7.341970389460704
1.4703051525762882,7.340724355812344
1.4728014007003505,7.3413873989883
1.4752976488244125,7.344362967116878
1.4777938969484743,7.344046638147596
1.4802901450725363,7.344747051426788
1.4827863931965983,7.342236270423926
1.4852826413206603,7.345021760000577
1.4877788894447224,7.346569991090122
1.4902751375687844,7.346064401850512
1.4927713856928464,7.34607094607564
1.4952676338169084,7.347565287304113
1.4977638819409704,7.347841603910293
1.5002601300650324,7.347779445006396
1.5027563781890945,7.347043727883426
1.5052526263131565,7.348116208720234
1.5077488744372187,7.346016970517183
1.5102451225612807,7.347442559178267
1.5127413706853428,7.34834939445927
1.5152376188094048,7.349389505263787
1.5177338669334668,7.350672165294827
1.5202301150575288,7.350003412365686
1.5227263631815908,7.349735170990784
1.5252226113056528,7.351111593657624
1.5277188594297149,7.349783751654915
1.5302151075537769,7.350063458493824
1.532711355677839,7.349786573239899
1.535207603801901,7.349127684858436
1.537703851925963,7.350222710201819
1.540200100050025,7.351862615538835
1.542696348174087,7.350790432310796
1.545192596298149,7.351386944314232
1.547688844422211,7.352384754804205
1.5501850925462732,7.352654734076497
1.5526813406703353,7.350856522088335
1.5551775887943973,7.351865690981135
1.5576738369184593,7.35317106457382
1.5601700850425213,7.35276779473413
1.562666333166583,7.352275604117546
1.5651625812906451,7.352372031038781
1.5676588294147074,7.352107086006505
1.5701550775387694,7.351949202158231
1.5726513256628314,7.351618529470034
1.5751475737868934,7.352467775798693
1.5776438219109554,7.353305569835554
1.5801400700350174,7.35211657389274
1.5826363181590797,7.35073497408713
1.5851325662831417,7.351156609934966
1.5876288144072035,7.351578671509984
1.5901250625312655,7.351355350042055
1.5926213106553275,7.351296467414634
1.5951175587793898,7.351271022916903
1.5976138069034518,7.350554778739479
1.6001100550275138,7.351776966496594
1.6026063031515758,7.352407111564992
1.6051025512756378,7.351031545168046
1.6075987993997,7.349434815863669
1.610095047523762,7.352066526273328
1.612591295647824,7.351985448443108
1.615087543771886,7.348598060429021
1.617583791895948,7.349553409705023
1.62008004002001,7.350067710544462
1.622576288144072,7.350336976977688
1.625072536268134,7.351500480133023
1.627568784392196,7.350261432849635
1.6300650325162582,7.349975397444753
1.6325612806403202,7.3474495540437985
1.6350575287643825,7.349030801374661
1.6375537768884445,7.349148292877134
1.6400500250125063,7.348293138418089
1.6425462731365683,7.347355872006632
1.6450425212606303,7.346388208745725
1.6475387693846923,7.346339930303802
1.6500350175087544,7.348015798056616
1.6525312656328164,7.345995135309748
1.6550275137568784,7.345220052608923
1.6575237618809404,7.344444605195746
1.6600200100050024,7.344381374352508
1.6625162581290645,7.343966492111448
1.6650125062531265,7.344085593243438
1.6675087543771887,7.343282809681272
1.6700050025012507,7.343410816438202
1.6725012506253127,7.34173036768752
1.6749974987493748,7.342595261879543
1.6774937468734368,7.3407511560872605
1.6799899949974988,7.340723892439814
1.6824862431215608,7.340775735849361
1.6849824912456228,7.339596498866644
1.6874787393696848,7.340228019995616
1.6899749874937469,7.338285867454983
1.6924712356178089,7.336526578780222
1.694967483741871,7.335392413168193
1.697463731865933,7.334766706780349
1.699959979989995,7.336488314202832
1.702456228114057,7.335638790003127
1.704952476238119,7.334531813899678
1.707448724362181,7.333519348076376
1.7099449724862432,7.3339998298271745
1.7124412206103052,7.330927039529944
1.7149374687343673,7.331308241776929
1.7174337168584293,7.331353819306264
1.7199299649824913,7.330265223909008
1.7224262131065533,7.327943510897418
1.724922461230615,7.329103627508876
1.7274187093546771,7.328630613286701
1.7299149574787394,7.3269798055822575
1.7324112056028014,7.326094875091591
1.7349074537268634,7.324974517570054
1.7374037018509254,7.323682201994473
1.7398999499749874,7.3248438514105345
1.7423961980990494,7.322999528088433
1.7448924462231117,7.323504751167141
1.7473886943471737,7.322753191576801
1.7498849424712355,7.319781917125992
1.7523811905952975,7.319826063141618
1.7548774387193598,7.32128860425645
1.7573736868434218,7.318275808344041
1.7598699349674838,7.317984529975597
1.7623661830915458,7.316725464143494
1.7648624312156078,7.315622887018959
1.7673586793396698,7.313813191656925
1.769854927463732,7.31324135884549
1.772351175587794,7.314509364563957
1.774847423711856,7.312704796992893
1.777343671835918,7.311435536327048
1.77983991995998,7.310068375232903
1.782336168084042,7.309462314750672
1.784832416208104,7.307204323404985
1.787328664332166,7.306149615073352
1.7898249124562282,7.305525818004021
1.7923211605802902,7.304551470217173
1.7948174087043522,7.304337877327666
1.7973136568284145,7.300917706670972
1.7998099049524765,7.300426821847589
1.8023061530765383,7.300029912061192
1.8048024012006003,7.2986433390338945
1.8072986493246623,7.2982327938180624
1.8097948974487243,7.297417196249462
1.8122911455727864,7.2957632007415985
1.8147873936968484,7.294203542939815
1.8172836418209104,7.292663597648006
1.8197798899449724,7.293146068288014
1.8222761380690344,7.29071883495308
1.8247723861930965,7.290459501882244
1.8272686343171587,7.289796959819139
1.8297648824412207,7.2871994829973055
1.8322611305652827,7.286200467058437
1.8347573786893447,7.285007290517583
1.8372536268134068,7.283504937848308
1.8397498749374688,7.280732277899348
1.8422461230615308,7.27974161259177
1.8447423711855928,7.280235436394673
1.8472386193096548,7.278839053554732
1.8497348674337168,7.276837635569036
1.8522311155577789,7.27496661854984
1.8547273636818409,7.275036969134367
1.857223611805903,7.273632065074184
1.859719859929965,7.272481674668432
1.862216108054027,7.2694505588022
1.864712356178089,7.267483303545523
1.867208604302151,7.269541211709617
1.8697048524262128,7.267976070742785
1.8722011005502752,7.264542522630558
1.8746973486743368,7.264775532656044
1.8771935967983997,7.2630426014242495
1.8796898449224613,7.259262356239287
1.8821860930465235,7.259564008311893
1.8846823411705853,7.258722316244594
1.8871785892946475,7.2573609762402755
1.8896748374187091,7.2545583347449885
1.8921710855427716,7.252664189712777
1.8946673336668332,7.251408968412109
1.8971635817908956,7.249988698273194
1.8996598299149572,7.249275314582842
1.9021560780390196,7.247230676779679
1.9046523261630812,7.245405122716571
1.907148574287144,7.245141165305273
1.9096448224112057,7.241399264729683
1.912141070535268,7.240901246592305
1.9146373186593295,7.239355782078802
1.917133566783392,7.23868331424588
1.9196298149074535,7.236617687497707
1.922126063031516,7.234771005820456
1.9246223111555776,7.232475182435852
1.92711855927964,7.231417908954134
1.9296148074037016,7.229513551386848
1.932111055527764,7.228225375457571
1.9346073036518256,7.226437052933259
1.937103551775888,7.224962779607026
1.93959979989995,7.223435364981812
1.942096048024012,7.222493940181803
1.944592296148074,7.221041653839589
1.947088544272136,7.219048491733813
1.9495847923961984,7.216770544103779
1.95208104052026,7.214720166806203
1.9545772886443225,7.213297479164474
1.957073536768384,7.211733724266224
1.9595697848924465,7.209020541622878
1.9620660330165085,7.207751977378014
1.9645622811405703,7.206618816346165
1.9670585292646323,7.204754431090935
1.9695547773886943,7.202864805259897
1.9720510255127564,7.202492512335095
1.9745472736368184,7.19846561433988
1.9770435217608804,7.197380886394827
1.9795397698849424,7.195982964132002
1.9820360180090044,7.1935934908698345
1.9845322661330664,7.1919280893172814
1.987028514257129,7.19003824215514
1.9895247623811907,7.187544385248612
1.9920210105052527,7.186480652877092
1.9945172586293147,7.184337388787828
1.9970135067533767,7.182719510208714
1.9995097548774388,7.180584096956814
2.002006003001501,7.180095549388295
2.0045022511255626,7.177448355361393
2.0069984992496246,7.174718587362484
2.0094947473736866,7.1729847036687024
2.0119909954977486,7.171978172516326
2.01448724362181,7.1690225776207575
2.0169834917458727,7.166449662256449
2.0194797398699347,7.164548093327186
2.0219759879939967,7.163334489047732
2.0244722361180587,7.16132832267928
2.0269684842421207,7.1596916447843295
2.0294647323661827,7.1569299151571135
2.0319609804902448,7.154676238236184
2.034457228614307,7.154425427435371
2.036953476738369,7.1522051762934025
2.039449724862431,7.150106977694008
2.041945972986493,7.147203559492327
2.044442221110555,7.145826306066441
2.0469384692346173,7.143858463739374
2.0494347173586798,7.141402780006684
2.0519309654827413,7.139838056587018
2.054427213606804,7.137346912600806
2.0569234617308654,7.134960813154869
2.0594197098549274,7.132993329197474
2.0619159579789894,7.131389914374229
2.0644122061030514,7.129043193062116
2.066908454227113,7.1265744887691
2.0694047023511755,7.125670623830385
2.071900950475237,7.124542440783137
2.0743971985992995,7.121194749975329
2.076893446723361,7.119442297621557
2.0793896948474235,7.11479156833544
2.081885942971485,7.114440495535829
2.084382191095548,7.111628069718189
2.0868784392196096,7.110439091168453
2.089374687343672,7.108782973967568
2.0918709354677336,7.106412658904189
2.094367183591796,7.104931505977353
2.0968634317158577,7.100062956546522
2.09935967983992,7.099595041363884
2.1018559279639817,7.097230343155905
2.104352176088044,7.096498307953768
2.1068484242121057,7.092878720808593
2.109344672336168,7.091143436981747
2.1118409204602298,7.090199536307949
2.114337168584292,7.08590840888939
2.116833416708354,7.083979521651108
2.119329664832416,7.081871850301945
2.121825912956478,7.078742461728246
2.12432216108054,7.077078953521862
2.126818409204602,7.076526607504813
2.1293146573286643,7.073974473158027
2.1318109054527263,7.071404776507949
2.1343071535767884,7.067934244039584
2.1368034017008504,7.066378940451873
2.1392996498249124,7.064263973731317
2.1417958979489744,7.061089208769769
2.1442921460730364,7.0592444780077805
2.1467883941970984,7.056705130786328
2.1492846423211605,7.0543843253442144
2.1517808904452225,7.052640433035689
2.1542771385692845,7.05062887536541
2.1567733866933465,7.04869698950425
2.1592696348174085,7.045939163185207
2.1617658829414705,7.043276828555354
2.164262131065533,7.04346259379855
2.1667583791895946,7.037797988547305
2.1692546273136566,7.037700623552911
2.1717508754377186,7.034418372266198
2.1742471235617806,7.032017425454595
2.176743371685842,7.030463203880533
2.1792396198099047,7.028434751777566
2.1817358679339667,7.026094096112985
2.1842321160580287,7.022601988149175
2.1867283641820907,7.020023595140221
2.1892246123061527,7.018977153533978
2.1917208604302147,7.015717549296367
2.1942171085542768,7.0128495681443255
2.196713356678339,7.011612981210805
2.199209604802401,7.009067019237312
2.201705852926463,7.0070668709871855
2.204202101050525,7.00326473426415
2.2066983491745877,7.002771078182195
2.2091945972986493,6.998542858207121
2.2116908454227118,6.997752168544595
2.2141870935467733,6.993001486549267
2.216683341670836,6.992175097687712
2.2191795897948974,6.990571384790482
2.2216758379189594,6.987704322004675
2.2241720860430214,6.984942700684286
2.2266683341670834,6.9825125452576176
2.229164582291145,6.980441227337019
2.2316608304152075,6.978581451490592
2.234157078539269,6.97488202101576
2.2366533266633315,6.9728266472620986
2.239149574787393,6.971318614983198
2.2416458229114555,6.968663084525458
2.244142071035517,6.965559423263134
2.24663831915958,6.962271396857655
2.2491345672836416,6.960371011399899
2.251630815407704,6.957620455543351
2.2541270635317656,6.956498142075927
2.256623311655828,6.954316914395123
2.2591195597798897,6.950531458436048
2.261615807903952,6.9492172558147605
2.2641120560280137,6.945977310640003
2.266608304152076,6.943697252156416
2.2691045522761377,6.941055788142037
2.2716008004002,6.938623002400011
2.2740970485242618,6.935672626257938
2.276593296648324,6.93406999325437
2.279089544772386,6.931632285853732
2.281585792896448,6.929702104258247
2.28408204102051,6.925455960068735
2.286578289144572,6.924361201322647
2.2890745372686343,6.9216039638855404
2.2915707853926963,6.919898367870912
2.2940670335167583,6.9162979880771545
2.2965632816408204,6.914338300333117
2.2990595297648824,6.910871729627875
2.3015557778889444,6.909612295471309
2.3040520260130064,6.908121968363119
2.3065482741370684,6.904055867189464
2.3090445222611304,6.90263871229805
2.3115407703851925,6.9000772530247225
2.3140370185092545,6.896566136368888
2.3165332666333165,6.8949528579447
2.3190295147573785,6.892111946402461
2.3215257628814405,6.889705071689988
2.3240220110055025,6.887381295301932
2.326518259129565,6.88439924805434
2.3290145072536266,6.881761169781639
2.3315107553776886,6.880578583401756
2.3340070035017506,6.876895770748511
2.3365032516258126,6.874416409913743
2.338999499749874,6.871877163838876
2.3414957478739367,6.869105047613588
2.3439919959979987,6.866795885419896
2.3464882441220607,6.865094616841268
2.3489844922461227,6.861365295723724
2.3514807403701847,6.860552560945138
2.3539769884942467,6.856413228165296
2.3564732366183088,6.855118466813846
2.358969484742371,6.85117424438385
2.361465732866433,6.850644227225297
2.363961980990495,6.8463431220949
2.3664582291145573,6.844030560846832
2.3689544772386197,6.843182601106655
2.3714507253626813,6.839990376781941
2.3739469734867438,6.837610085048885
2.3764432216108053,6.834334400930149
2.378939469734868,6.832390003851824
2.3814357178589294,6.829433346747041
2.3839319659829914,6.827389056032662
2.3864282141070534,6.825638696824853
2.3889244622311154,6.822423641310326
2.391420710355177,6.820110196143787
2.3939169584792395,6.817021006255069
2.396413206603301,6.814658548650009
2.3989094547273635,6.8126700582368205
2.401405702851425,6.81049142044257
2.4039019509754875,6.808777591138967
2.4063981990995496,6.804190824454963
2.408894447223612,6.802274219443307
2.4113906953476736,6.800699215556127
2.413886943471736,6.797909574293104
2.4163831915957976,6.79559349273441
2.41887943971986,6.792712234262095
2.4213756878439217,6.790481760233976
2.423871935967984,6.788487214602406
2.4263681840920457,6.784462063463003
2.428864432216108,6.782996113508458
2.4313606803401697,6.781996660626178
2.433856928464232,6.7778952733015885
2.4363531765882938,6.775518156860187
2.438849424712356,6.773204772916982
2.441345672836418,6.76924226453071
2.44384192096048,6.7679169805497725
2.446338169084542,6.766094841482159
2.4488344172086043,6.764068686079035
2.4513306653326663,6.761012006991047
2.4538269134567283,6.758998972856012
2.4563231615807903,6.757059601301967
2.4588194097048524,6.75335981972476
2.4613156578289144,6.751517254541071
2.4638119059529764,6.748648368694851
2.4663081540770384,6.7456171955075215
2.4688044022011004,6.744327245758229
2.4713006503251624,6.74160435349415
2.4737968984492245,6.739213366603017
2.4762931465732865,6.736777817632278
2.4787893946973485,6.734076565963365
2.4812856428214105,6.731012791117498
2.4837818909454725,6.730262427093095
2.4862781390695345,6.726331864163948
2.488774387193597,6.725099959323982
2.4912706353176586,6.722687389692692
2.4937668834417206,6.719253903792957
2.4962631315657826,6.7172791381623
2.4987593796898446,6.715158306790558
2.501255627813906,6.712521407036176
2.5037518759379687,6.710131003265062
2.5062481240620307,6.70769697315442
2.5087443721860927,6.705910754472849
2.5112406203101547,6.7027509883516565
2.5137368684342167,6.700610063322951
2.5162331165582787,6.697555896922512
2.5187293646823408,6.696129579614586
2.521225612806403,6.69310409299613
2.523721860930465,6.691924930978168
2.5262181090545277,6.6890572231121705
2.5287143571785893,6.687334852506776
2.5312106053026517,6.684022374598972
2.5337068534267133,6.681814894170648
2.5362031015507758,6.679791550487842
2.5386993496748373,6.677565535355685
2.5411955977989,6.674705028061101
2.5436918459229614,6.672500562454141
2.5461880940470234,6.670031932270385
2.5486843421710854,6.668513313877726
2.5511805902951474,6.665293755301601
2.553676838419209,6.66320844050289
2.5561730865432715,6.661608123885193
2.558669334667333,6.658880379905064
2.5611655827913955,6.6569988042905015
2.563661830915457,6.653316481068266
2.5661580790395195,6.652271739684739
2.5686543271635816,6.6496785490945305
2.571150575287644,6.647654586328693
2.5736468234117056,6.645019214711127
2.576143071535768,6.642973712173191
2.5786393196598296,6.640446167372213
2.581135567783892,6.638187247185935
2.5836318159079537,6.636128557626073
2.586128064032016,6.6336266993144095
2.5886243121560777,6.631750671639524
2.59112056028014,6.629921370670457
2.5936168084042017,6.6268516793985
2.596113056528264,6.62584272429515
2.5986093046523258,6.62299588766436
2.601105552776388,6.620916624752463
2.60360180090045,6.619141283548442
2.606098049024512,6.616663904554135
2.6085942971485743,6.614496246509272
2.6110905452726363,6.611681215296683
2.6135867933966983,6.609826932288268
2.6160830415207603,6.607705368470808
2.6185792896448223,6.60635852044729
2.6210755377688844,6.604005464525644
2.6235717858929464,6.601237770575943
2.6260680340170084,6.599185117487391
2.6285642821410704,6.596995439573586
2.6310605302651324,6.594855515944337
2.6335567783891944,6.592128754183632
2.6360530265132565,6.590721152995733
2.6385492746373185,6.58884249256126
2.6410455227613805,6.58707747142541
2.6435417708854425,6.584369274103613
2.6460380190095045,6.582866266428583
2.6485342671335665,6.580899834735096
2.651030515257629,6.578389887666816
2.6535267633816906,6.57662426307251
2.6560230115057526,6.573778849992053
2.6585192596298146,6.572195596136857
2.6610155077538766,6.57050262699028
2.663511755877938,6.5677796160190605
2.6660080040020007,6.565442840123946
2.6685042521260627,6.564065803521663
2.6710005002501247,6.561956573378539
2.6734967483741867,6.560310616320101
2.6759929964982487,6.55781472033306
2.6784892446223107,6.555703880252472
2.6809854927463728,6.5544886767517845
2.683481740870435,6.551754736536791
2.685977988994497,6.549992066317589
2.6884742371185597,6.548057665585854
2.6909704852426213,6.545735955049169
2.6934667333666837,6.5449071218455135
2.6959629814907453,6.54210194172365
2.6984592296148078,6.54041864582641
2.7009554777388693,6.538293499668466
2.703451725862932,6.536262407806913
2.7059479739869934,6.534441665978092
2.7084442221110554,6.532889744077383
2.7109404702351174,6.530874493004717
2.7134367183591794,6.528813173930985
2.715932966483241,6.527345732693329
2.7184292146073035,6.525154801047613
2.720925462731365,6.523429981824129
2.7234217108554275,6.521684120968682
2.725917958979489,6.519868642623935
2.7284142071035515,6.517864710274605
2.7309104552276136,6.516094846117289
2.733406703351676,6.514160818280712
2.7359029514757376,6.512389571626444
2.7383991995998,6.510901536916406
2.7408954477238616,6.508735515811699
2.743391695847924,6.507060695718907
2.7458879439719857,6.505651870356075
2.748384192096048,6.503723548050576
2.7508804402201097,6.502057263985362
2.753376688344172,6.500371398418349
2.7558729364682337,6.498843840520278
2.758369184592296,6.496643812052869
2.7608654327163578,6.494896629364071
2.76336168084042,6.493135822616489
2.765857928964482,6.491372818476827
2.7683541770885443,6.48982749754266
2.7708504252126063,6.488017324441473
2.7733466733366683,6.486532778336191
2.7758429214607303,6.485092829988803
2.7783391695847923,6.483361744570644
2.7808354177088543,6.481725086715601
2.7833316658329164,6.479598648902144
2.7858279139569784,6.478182341862295
2.7883241620810404,6.476758974041774
2.7908204102051024,6.4750451220835785
2.7933166583291644,6.473339728177997
2.7958129064532264,6.4714848696317455
2.7983091545772885,6.470130597751253
2.8008054027013505,6.468857025191377
2.8033016508254125,6.467295625021791
2.8057978989494745,6.465945185556303
2.8082941470735365,6.464181132149977
2.8107903951975985,6.4624761360244
2.813286643321661,6.460342198043506
2.8157828914457226,6.459268986339775
2.8182791395697846,6.458217361434004
2.8207753876938466,6.456671403028954
2.8232716358179086,6.4548929361099
2.82576788394197,6.453439401750664
2.8282641320660327,6.451969338377091
2.8307603801900947,6.450829866166102
2.8332566283141567,6.449738604061372
2.8357528764382187,6.447800885460386
2.8382491245622807,6.4466764515832375
2.8407453726863428,6.4453783657378745
2.8432416208104048,6.443549980566182
2.8457378689344672,6.442637892402569
2.848234117058529,6.441120248235983
2.8507303651825917,6.439649405500335
2.8532266133066533,6.438219617175424
2.8557228614307157,6.4372659263147485
2.8582191095547773,6.435052093109719
2.8607153576788398,6.43416363115578
2.8632116058029013,6.432799205403397
2.865707853926964,6.431610328359074
2.8682041020510254,6.429798317701524
2.8707003501750874,6.428771203255925
2.8731965982991494,6.4277204418405365
2.8756928464232114,6.426370094280555
2.878189094547273,6.425199398133393
2.8806853426713355,6.424095225526166
2.883181590795397,6.42257725797557
2.8856778389194595,6.421438178442871
2.888174087043521,6.420544409734087
2.8906703351675835,6.419818065380407
2.8931665832916456,6.418159742199363
2.895662831415708,6.416579611968671
2.8981590795397696,6.415543008112945
2.900655327663832,6.414257333581336
2.9031515757878936,6.413220464320934
2.905647823911956,6.412288389524028
2.9081440720360177,6.411148093302174
2.91064032016008,6.410301422576588
2.9131365682841417,6.408976854500986
2.915632816408204,6.4077584235479685
2.9181290645322657,6.406333983200452
2.920625312656328,6.4056817447868735
2.9231215607803898,6.404534580877028
2.925617808904452,6.40363479123734
2.9281140570285142,6.4027651665665175
2.9306103051525763,6.401887120007332
2.9331065532766383,6.400626770908221
2.9356028014007003,6.399580364735627
2.9380990495247623,6.398948369738719
2.9405952976488243,6.3977262020257335
2.9430915457728863,6.397087726621788
2.9455877938969484,6.3954857240383545
2.9480840420210104,6.394786425765886
2.9505802901450724,6.393750320974232
2.9530765382691344,6.39301076872689
2.9555727863931964,6.392017575252016
2.9580690345172584,6.391204145391223
2.9605652826413205,6.390206091245332
2.9630615307653825,6.389170982826391
2.9655577788894445,6.388831116722824
2.9680540270135065,6.387961095221357
2.9705502751375685,6.387079018571681
2.9730465232616305,6.386076768348249
2.975542771385693,6.385242840174569
2.9780390195097546,6.384749010584101
2.9805352676338166,6.383804095557678
2.9830315157578786,6.383041050990801
2.9855277638819406,6.38239047096915
2.988024012006002,6.381316064739254
2.9905202601300647,6.38088742690152
2.9930165082541267,6.379890487225789
2.9955127563781887,6.379014914942434
2.9980090045022507,6.378216883672156
3.0005052526263127,6.378016774551897
3.0030015007503748,6.37740207320823
3.005497748874437,6.37624785284638
3.0079939969984992,6.37592796350553
3.010490245122561,6.375196053234496
3.0129864932466237,6.374735001318464
3.0154827413706853,6.373928162255552
3.0179789894947477,6.373574276007548
3.0204752376188093,6.372491388474958
3.0229714857428718,6.372285367239984
3.0254677338669334,6.3719156782060615
3.027963981990996,6.371290267171954
3.0304602301150574,6.370406112982783
3.0329564782391194,6.369799439336318
3.0354527263631814,6.36979579519581
3.0379489744872434,6.368978054362785
3.040445222611305,6.368628570466908
3.0429414707353675,6.367956485676154
3.045437718859429,6.367420354735264
3.0479339669834915,6.366917027780511
3.050430215107553,6.366671527790813
3.0529264632316155,6.36603578486766
3.0554227113556776,6.365628787011687
3.05791895947974,6.365436061819704
3.0604152076038016,6.364845912932065
3.062911455727864,6.3645324165450194
3.0654077038519256,6.364253935358838
3.067903951975988,6.363833026696555
3.0704002001000497,6.363647452971867
3.072896448224112,6.363218072040174
3.0753926963481737,6.362891386573647
3.077888944472236,6.362507525086667
3.0803851925962977,6.362240006486581
3.08288144072036,6.362136928535039
3.0853776888444218,6.361645076771938
3.087873936968484,6.361478361112445
3.0903701850925462,6.36106672320834
3.0928664332166083,6.3607783370459785
3.0953626813406703,6.360556617333971
3.0978589294647323,6.360736954040584
3.1003551775887943,6.360557337934873
3.1028514257128563,6.359965021917729
3.1053476738369183,6.359838100361266
3.1078439219609804,6.359654995205537
3.1103401700850424,6.359704283629095
3.1128364182091044,6.359364427929322
3.1153326663331664,6.359395795198304
3.1178289144572284,6.359338863306987
3.1203251625812904,6.359274932891855
3.1228214107053525,6.359171959840329
3.1253176588294145,6.3591495280310415
3.1278139069534765,6.359132809591024
3.1303101550775385,6.358960845029075
3.1328064032016005,6.358926374904404
3.1353026513256625,6.35898910088683
3.137798899449725,6.359144614203018
3.1402951475737866,6.359133226406565
3.1427913956978486,6.358754308824085
3.1452876438219106,6.359283930118436
3.1477838919459726,6.359004311113548
3.1502801400700347,6.359031197873504
3.1527763881940967,6.359250231425603
3.1552726363181587,6.359110136707811
3.1577688844422207,6.359231332388158
3.1602651325662827,6.359733775698935
3.1627613806903447,6.359343998986564
3.165257628814407,6.359505849130849
3.167753876938469,6.359517977981913
3.1702501250625312,6.36014479261264
3.172746373186593,6.360145792871433
3.1752426213106557,6.360436101482786
3.1777388694347173,6.360462032587322
3.1802351175587797,6.3605942606555335
3.1827313656828413,6.36089423938147
3.185227613806904,6.360800639884294
3.1877238619309654,6.361456134860084
3.190220110055028,6.361278165335708
3.1927163581790894,6.361635994885411
3.1952126063031514,6.362434399949056
3.1977088544272134,6.362313033961722
3.2002051025512754,6.362943086237687
3.202701350675337,6.362901064681354
3.2051975987993995,6.363270209051563
3.207693846923461,6.363431491551336
3.2101900950475235,6.364182813510944
3.212686343171585,6.364531902795494
3.2151825912956475,6.364666327573722
3.2176788394197096,6.365448528014051
3.220175087543772,6.365288654645468
3.2226713356678336,6.365844380314671
3.225167583791896,6.366163742963674
3.2276638319159576,6.366824350107873
3.23016008004002,6.366868076729394
3.2326563281640817,6.367806850970646
3.235152576288144,6.368167658512557
3.2376488244122057,6.36848143502702
3.240145072536268,6.36914759812025
3.2426413206603297,6.3694870023063705
3.245137568784392,6.370065003234025
3.247633816908454,6.370788886202763
3.250130065032516,6.371002476347335
3.2526263131565782,6.371829302499982
3.2551225612806403,6.372154189821296
3.2576188094047023,6.372943160770675
3.2601150575287643,6.373469263242684
3.2626113056528263,6.373835964597354
3.2651075537768883,6.374678706402673
3.2676038019009503,6.375124565852769
3.2701000500250124,6.376059447775346
3.2725962981490744,6.376578208124903
3.2750925462731364,6.377290295813953
3.2775887943971984,6.3781499377622985
3.2800850425212604,6.37882298036657
3.2825812906453224,6.379620397417326
3.2850775387693845,6.380255805744882
3.2875737868934465,6.380888558100464
3.2900700350175085,6.381658239032614
3.2925662831415705,6.38228367521647
3.2950625312656325,6.383319126378467
3.2975587793896945,6.3840521500897465
3.300055027513757,6.384969344118509
3.3025512756378186,6.385455821302474
3.3050475237618806,6.386479470053392
3.3075437718859426,6.387242069692231
3.3100400200100046,6.3879104184459
3.3125362681340667,6.389287622223747
3.3150325162581287,6.389512541086095
3.3175287643821907,6.390827903116675
3.3200250125062527,6.391620439286104
3.3225212606303147,6.392379819930371
3.325017508754377,6.393213767526723
3.327513756878439,6.394237565915149
3.330010005002501,6.394985855575875
3.3325062531265632,6.3961454482907785
3.3350025012506253,6.39700234373106
3.3374987493746877,6.397815798957146
3.3399949974987493,6.3988903784848
3.3424912456228117,6.399911060741976
3.3449874937468733,6.400737607464641
3.347483741870936,6.401908009327177
3.3499799899949974,6.402491531822311
3.35247623811906,6.404045247988852
3.3549724862431214,6.405117608912355
3.3574687343671834,6.406321970400994
3.359964982491245,6.407193418843661
3.3624612306153074,6.408016629615732
3.364957478739369,6.409245402121331
3.3674537268634315,6.409793543163308
3.369949974987493,6.4113049506925295
3.3724462231115555,6.412093166460817
3.374942471235617,6.413800969098748
3.3774387193596795,6.414629249285227
3.3799349674837416,6.416285152325028
3.382431215607804,6.417281596747533
3.3849274637318656,6.418091382691214
3.387423711855928,6.419458170597028
3.3899199599799896,6.420682360357048
3.392416208104052,6.422069996378342
3.3949124562281137,6.423244282497956
3.397408704352176,6.424345762562922
3.3999049524762377,6.425753983000493
3.4024012006003,6.4272769192803
3.4048974487243617,6.427951513871574
3.407393696848424,6.4296422846244194
3.409889944972486,6.430482056908664
3.412386193096548,6.432099326795068
3.4148824412206102,6.4333923661082935
3.4173786893446723,6.43480040783862
3.4198749374687343,6.436221988978873
3.4223711855927963,6.436949364624842
3.4248674337168583,6.438548846842293
3.4273636818409203,6.440049055118647
3.4298599299649823,6.441817759046495
3.4323561780890444,6.442844088680009
3.4348524262131064,6.444648133460924
3.4373486743371684,6.4458023747117865
3.4398449224612304,6.446991921748841
3.4423411705852924,6.448903674673324
3.4448374187093544,6.449986520893777
3.4473336668334165,6.450888522787318
3.4498299149574785,6.452941786830538
3.4523261630815405,6.454445427388843
3.4548224112056025,6.455514060061796
3.4573186593296645,6.456973726719493
3.4598149074537266,6.458172002513602
3.462311155577789,6.460265603557756
3.4648074037018506,6.46193107717969
3.4673036518259126,6.463309251684492
3.4697998999499746,6.465190644972462
3.4722961480740366,6.465815726441043
3.4747923961980987,6.467791552818395
3.4772886443221607,6.469390495331051
3.4797848924462227,6.470819289812191
3.4822811405702847,6.4724775547805855
3.484777388694347,6.474046216402817
3.487273636818409,6.475698214781484
3.489769884942471,6.477417049242095
3.492266133066533,6.478853296232421
3.4947623811905952,6.480677365557283
3.4972586293146573,6.482202440654263
3.4997548774387197,6.484166298293867
3.5022511255627813,6.485776212158022
3.5047473736868437,6.487169014632966
3.5072436218109053,6.489353230142272
3.509739869934968,6.491444677414956
3.5122361180590294,6.492380843103655
3.514732366183092,6.493853041845488
3.5172286143071534,6.496152523161327
3.5197248624312154,6.497645676911524
3.522221110555277,6.499296870441242
3.5247173586793394,6.500822804632541
3.527213606803401,6.50286201748827
3.5297098549274635,6.504348624525726
3.532206103051525,6.505808211385554
3.5347023511755875,6.508205397678025
3.537198599299649,6.509913821432701
3.5396948474237115,6.511566321466113
3.5421910955477736,6.513704413435376
3.544687343671836,6.515187213957624
3.5471835917958976,6.517648000844993
3.54967983991996,6.518365662694473
3.5521760880440216,6.52063301366711
3.554672336168084,6.522499419067048
3.5571685842921457,6.524637094603318
3.559664832416208,6.52615589243943
3.5621610805402697,6.527670374660591
3.564657328664332,6.529917631221548
3.567153576788394,6.531431434678385
3.569649824912456,6.533789945745957
3.572146073036518,6.535487729788137
3.57464232116058,6.537871667516233
3.5771385692846422,6.539721238065591
3.5796348174087043,6.541823800894258
3.5821310655327663,6.543134353258656
3.5846273136568283,6.545153128139022
3.5871235617808903,6.547059493303889
3.5896198099049523,6.548769330335468
3.5921160580290143,6.55144596088163
3.5946123061530764,6.5529388552579775
3.5971085542771384,6.554884107664409
3.5996048024012004,6.557033778318842
3.6021010505252624,6.559439344439588
3.604597298649325,6.561491047136339
3.6070935467733856,6.563216608079331
3.609589794897449,6.565950093436918
3.6120860430215114,6.567281013311844
3.614582291145573,6.5697004983425735
3.6170785392696345,6.571907389793967
3.619574787393697,6.573485375205269
3.622071035517759,6.575466302055984
3.624567283641821,6.577046178442574
3.6270635317658826,6.579397129751007
3.6295597798899446,6.581729034885417
3.632056028014007,6.584115555012232
3.6345522761380686,6.5852861089828805
3.63704852426213,6.588158896976917
3.6395447723861927,6.590010008441614
3.642041020510255,6.592131896764215
3.644537268634317,6.594216826978394
3.647033516758379,6.596258625850906
3.649529764882441,6.59863504485252
3.652026013006503,6.600842206369541
3.654522261130565,6.602476637376394
3.6570185092546272,6.604399719700451
3.659514757378689,6.607321728376204
3.6620110055027513,6.609185922184351
3.664507253626813,6.6116272879338736
3.6670035017508753,6.613015916670834
3.669499749874937,6.615977913567745
3.6719959979989993,6.618741047203288
3.674492246123061,6.62009557493817
3.6769884942471234,6.622174136657494
3.6794847423711854,6.624906154865275
3.681980990495248,6.627283097906252
3.684477238619309,6.628727652059287
3.686973486743371,6.630594472859089
3.6894697348674335,6.633534106157686
3.691965982991496,6.636259481166617
3.6944622311155575,6.63720693236857
3.69695847923962,6.640027474651837
3.6994547273636815,6.642620630947851
3.701950975487744,6.644867833719021
3.7044472236118056,6.646594328806693
3.706943471735868,6.6493808473121705
3.7094397198599296,6.651655323043893
3.711935967983992,6.654184268989042
3.7144322161080536,6.655667535003999
3.716928464232116,6.658501369907028
3.7194247123561777,6.661187049029286
3.72192096048024,6.663517437812304
3.7244172086043017,6.665682379977185
3.726913456728364,6.6671404581561
3.729409704852426,6.669666446751362
3.731905952976488,6.672145487053592
3.73440220110055,6.6749092181512015
3.736898449224612,6.6766735572765565
3.739394697348674,6.678367687556625
3.741890945472736,6.681107007284578
3.7443871935967983,6.684173025102058
3.74688344172086,6.685860045973261
3.7493796898449214,6.688139100003744
3.751875937968984,6.69083482033294
3.7543721860930463,6.69234983407189
3.756868434217109,6.69600969813175
3.7593646823411695,6.698447231569931
3.761860930465232,6.700998418242817
3.7643571785892944,6.702817462247619
3.766853426713357,6.7054777320103085
3.7693496748374185,6.70721037515491
3.771845922961481,6.710430288969056
3.7743421710855434,6.713104705427931
3.776838419209605,6.714926338705196
3.7793346673336665,6.717778620150508
3.781830915457729,6.719620294617636
3.784327163581791,6.722180990793309
3.786823411705853,6.724227815225017
3.7893196598299146,6.726831422596206
3.7918159079539766,6.729364559296213
3.794312156078039,6.732284024038395
3.7968084042021006,6.73414003205619
3.799304652326162,6.7366860882596935
3.8018009004502247,6.739133688864406
3.804297148574287,6.741286743877275
3.806793396698349,6.744392660487847
3.809289644822411,6.7464743505800655
3.811785892946473,6.748525908327786
3.814282141070535,6.751792944999879
3.816778389194597,6.75382006842903
3.8192746373186592,6.755936336296761
3.821770885442721,6.758722207525852
3.8242671335667833,6.761446121745066
3.826763381690845,6.763345285128587
3.8292596298149073,6.766590001042081
3.831755877938969,6.7679715097127815
3.8342521260630313,6.771007666862696
3.836748374187093,6.773141224751425
3.8392446223111554,6.776313084861125
3.8417408704352174,6.778823321075958
3.84423711855928,6.780143992145349
3.846733366683341,6.782953884481363
3.849229614807403,6.787239240148227
3.8517258629314655,6.788351671826782
3.854222111055528,6.790930144566141
3.8567183591795895,6.793998514655736
3.859214607303652,6.795715082244389
3.8617108554277135,6.798673374854571
3.864207103551776,6.799915962040851
3.8667033516758376,6.8030087530079495
3.8691995997999,6.805906498760107
3.8716958479239616,6.808514643998608
3.874192096048024,6.810448368543777
3.8766883441720856,6.813393927930808
3.879184592296148,6.814972020325457
3.8816808404202097,6.81726907105889
3.884177088544272,6.820578133739721
3.886673336668334,6.822985701156745
3.889169584792396,6.826452192981161
3.891665832916458,6.827628345571863
3.89416208104052,6.830510672474653
3.896658329164582,6.833097316243034
3.899154577288644,6.835722979120382
3.901650825412706,6.839028159400035
3.904147073536768,6.839788651730187
3.9066433216608303,6.843030459850247
3.909139569784892,6.847041508816103
3.9116358179089534,6.848742564282424
3.914132066033016,6.8515356857810215
3.9166283141570783,6.852335865942141
3.919124562281141,6.856031164875754
3.9216208104052015,6.858474868705786
3.924117058529264,6.861826972932099
3.9266133066533264,6.863640092547187
3.929109554777389,6.866153666432838
3.9316058029014505,6.867582421269095
3.934102051025513,6.869955212647684
3.9365982991495754,6.873300218497961
3.939094547273637,6.876245605365927
3.9415907953976985,6.879824665478871
3.944087043521761,6.88082615111676
3.946583291645823,6.883958131156429
3.949079539769885,6.886379249306219
3.9515757878939466,6.8878752647047214
3.9540720360180086,6.8913255446889
3.956568284142071,6.895029413182585
3.9590645322661326,6.8964241206378665
3.961560780390194,6.898633394307011
3.964057028514257,6.900239916297594
3.966553276638319,6.902565202799916
3.969049524762381,6.906996875936467
3.971545772886443,6.908374975536951
3.974042021010505,6.911213013366521
3.976538269134567,6.91322920696728
3.979034517258629,6.916025302300747
3.9815307653826912,6.919505582683942
3.984027013506753,6.920873168059889
3.9865232616308153,6.925132139242269
3.989019509754877,6.92623245077465
3.9915157578789393,6.928100577537188
3.994012006003001,6.931307564362152
3.9965082541270633,6.93320306815937
3.999004502251125,6.936008678079126
4.001500750375188,6.938094125616381
4.003996998499249,6.940355560768853
4.006493246623312,6.944182514540654
4.008989494747373,6.944870933290094
4.011485742871436,6.94913053564908
4.0139819909954975,6.95172621105069
4.01647823911956,6.954107216607229
4.0189744872436215,6.956304528778791
4.021470735367684,6.95739285133086
4.0239669834917455,6.96144244650442
4.026463231615808,6.963530225743563
4.02895947973987,6.9660006385721545
4.031455727863932,6.968038444417646
4.033951975987994,6.97064804142198
4.036448224112056,6.972431532693292
4.038944472236118,6.975732188567962
4.04144072036018,6.976837804812253
4.043936968484242,6.980381710758797
4.046433216608304,6.982368395676779
4.048929464732366,6.9839496125058815
4.051425712856428,6.98821456769031
4.05392196098049,6.9903893118987055
4.056418209104552,6.993509285953581
4.058914457228614,6.995287428439477
4.061410705352676,6.997266806609921
4.063906953476738,6.99987381875141
4.0664032016008,7.002671471201465
4.068899449724862,7.005867696695397
4.071395697848924,7.006479235293712
4.073891945972986,7.009493177710158
4.076388194097048,7.012106565522104
4.07888444222111,7.014048796742845
4.081380690345172,7.0169915388040645
4.083876938469235,7.020022756790245
4.086373186593296,7.02262993133516
4.088869434717359,7.024016831381799
4.09136568284142,7.025802946785581
4.093861930965483,7.028255956546568
4.0963581790895445,7.031211878008794
4.098854427213607,7.033158147473859
4.1013506753376685,7.036832386250485
4.103846923461731,7.037845688941445
4.1063431715857925,7.04130803269664
4.108839419709855,7.042915923793394
4.111335667833917,7.04607990610783
4.113831915957979,7.048248861112872
4.116328164082041,7.051713552252346
4.118824412206103,7.052362279955978
4.121320660330165,7.054375841614361
4.123816908454227,7.057799112018703
4.126313156578289,7.060333032410838
4.128809404702351,7.0616700154139895
4.131305652826413,7.063328748596479
4.133801900950475,7.066738625791393
4.136298149074537,7.067707324413406
4.138794397198599,7.072173524005513
4.141290645322661,7.07369186733964
4.143786893446723,7.075807044052597
4.146283141570785,7.078618931668893
4.148779389694847,7.079575259499133
4.151275637818909,7.081324768888019
4.153771885942971,7.085068502788516
4.156268134067033,7.0861015182551
4.158764382191095,7.08868442012911
4.161260630315157,7.09092313441272
4.163756878439219,7.094480482556218
4.166253126563282,7.0964249262171935
4.168749374687343,7.0993648823716775
4.171245622811406,7.100744627565906
4.1737418709354674,7.103077559187399
4.17623811905953,7.10465463104688
4.178734367183592,7.108034035006503
4.181230615307654,7.109318158860533
4.183726863431716,7.111424816385185
4.186223111555778,7.113659739399835
4.18871935967984,7.115165853190016
4.191215607803902,7.1169328746641325
4.193711855927964,7.120403549492878
4.196208104052026,7.121931459319568
4.198704352176088,7.125464509884104
4.20120060030015,7.127084584540333
4.203696848424212,7.1295816382952
4.206193096548274,7.130562723312718
4.208689344672336,7.133616625060457
4.211185592796398,7.136555240917041
4.21368184092046,7.138408924904027
4.216178089044522,7.139833966693921
4.218674337168584,7.141751265567357
4.221170585292646,7.144305006367645
4.223666833416708,7.1436848119136
4.22616308154077,7.147610512403255
4.228659329664832,7.150502900372334
4.231155577788894,7.151765088203181
4.233651825912956,7.153004581904113
4.236148074037018,7.1548377358827695
4.23864432216108,7.158932820171126
4.241140570285142,7.159528465476817
4.243636818409204,7.162232520929532
4.246133066533266,7.164008360254112
4.248629314657329,7.165320709360868
4.25112556278139,7.16795987089441
4.253621810905453,7.1711696454481295
4.2561180590295145,7.171079148185006
4.258614307153577,7.174552484334157
4.261110555277639,7.177288958198394
4.263606803401701,7.178254210950967
4.2661030515257625,7.178224231263278
4.268599299649825,7.180753961915972
4.271095547773887,7.183868820178292
4.273591795897949,7.1847187714679
4.276088044022011,7.186892321963532
4.278584292146073,7.188994772282962
4.281080540270135,7.19201369599707
4.283576788394197,7.195002577735724
4.286073036518259,7.195331572423613
4.288569284642321,7.198575106283295
4.291065532766383,7.200034267885583
4.293561780890445,7.201679753769675
4.296058029014507,7.201805359059568
4.298554277138569,7.205881008978643
4.301050525262631,7.206875571067655
4.303546773386693,7.208757736140336
4.306043021510755,7.210756055343503
4.308539269634817,7.211378106008004
4.311035517758879,7.212706380711071
4.313531765882941,7.216172898668863
4.316028014007003,7.217909687888779
4.318524262131065,7.219845138277282
4.321020510255127,7.221411824804782
4.323516758379189,7.223946020925929
4.326013006503252,7.224883482637196
4.328509254627313,7.227311691990726
4.331005502751376,7.227163897861084
4.333501750875437,7.231403357980769
4.3359979989995,7.232430118030543
4.3384942471235615,7.232583245489509
4.340990495247624,7.234946730599695
4.3434867433716855,7.236858666487998
4.345982991495748,7.238332829666703
4.3484792396198095,7.239469710714237
4.350975487743872,7.241535711659967
4.353471735867934,7.243993046554092
4.355967983991996,7.246275075959379
4.358464232116058,7.248250626372138
4.36096048024012,7.249337924921784
4.363456728364182,7.249900187105979
4.365952976488244,7.25287330117221
4.368449224612306,7.252727684111819
4.370945472736368,7.254703858236152
4.37344172086043,7.257676105454824
4.375937968984492,7.257105639440856
4.378434217108554,7.260958656884152
4.380930465232616,7.261201318592703
4.383426713356678,7.2643561645291985
4.38592296148074,7.262956503417214
4.388419209604802,7.26590641137097
4.390915457728864,7.266591370074109
4.393411705852926,7.269381772462643
4.395907953976988,7.270908061313989
4.39840420210105,7.272082067347534
4.400900450225112,7.273998375386123
4.403396698349175,7.274571933732434
4.405892946473236,7.27518178697564
4.408389194597299,7.277967029902476
4.41088544272136,7.279545720320776
4.413381690845423,7.279690385911266
4.415877938969484,7.28322102048644
4.418374187093547,7.282991563938464
4.4208704352176085,7.283254829465351
4.423366683341671,7.285792287491917
4.4258629314657325,7.286420159475321
4.428359179589795,7.28842584256753
4.4308554277138565,7.289973212181943
4.433351675837919,7.291780284195595
4.435847923961981,7.292756740971889
4.438344172086043,7.295079293338731
4.440840420210105,7.296820410043344
4.443336668334167,7.295190871153187
4.445832916458229,7.297733314550648
4.448329164582291,7.299923519153621
4.450825412706353,7.301740442431905
4.453321660830415,7.302900608891844
4.455817908954477,7.302934895096952
4.458314157078539,7.304178154812461
4.460810405202601,7.306249955598295
4.463306653326663,7.307021062197776
4.465802901450725,7.308142759119224
4.468299149574787,7.311091079146898
4.470795397698849,7.310550578797182
4.473291645822911,7.312967003686888
4.475787893946973,7.31041206599958
4.478284142071035,7.315077592523237
4.480780390195097,7.315429001403359
4.483276638319159,7.316386941329949
4.485772886443222,7.318123772054571
4.488269134567283,7.317191906925601
4.490765382691346,7.319578597853106
4.493261630815407,7.3203971901887055
4.49575787893947,7.321355617474312
4.4982541270635314,7.324531503718604
4.500750375187594,7.323902515872041
4.503246623311656,7.325867669256179
4.505742871435718,7.327090251849511
4.50823911955978,7.3279597790537
4.510735367683842,7.327549603662719
4.513231615807904,7.331143018691604
4.515727863931966,7.331272179603899
4.518224112056028,7.331440429819064
4.52072036018009,7.332280305792303
4.523216608304152,7.332584269657851
4.525712856428214,7.333891926471656
4.528209104552276,7.336083156874928
4.530705352676338,7.335738552167967
4.5332016008004,7.335619936763469
4.535697848924462,7.337772368754194
4.538194097048524,7.339325559693204
4.540690345172586,7.339890160539018
4.543186593296648,7.338199512036443
4.54568284142071,7.340018696355592
4.548179089544772,7.342176207154742
4.550675337668834,7.342181432428408
4.553171585792896,7.3440507936624915
4.555667833916958,7.34483423255355
4.55816408204102,7.343911660285042
4.560660330165082,7.345298638583532
4.563156578289144,7.347534158826654
4.565652826413206,7.347632159909072
4.568149074537269,7.348088566868179
4.57064532266133,7.3475898437026625
4.573141570785393,7.34991612195458
4.575637818909454,7.350136806143047
4.578134067033517,7.3514409474289
4.5806303151575785,7.351633159637191
4.583126563281641,7.352928808390246
4.585622811405703,7.353405050053748
4.588119059529765,7.354217285714384
4.5906153076538265,7.353136802857778
4.593111555777889,7.354130010470197
4.595607803901951,7.356565886859585
4.598104052026013,7.356177147155342
4.600600300150075,7.355089869115384
4.603096548274137,7.358159550150884
4.605592796398199,7.357816779472854
4.608089044522261,7.358432327994095
4.610585292646323,7.359333453467982
4.613081540770385,7.358012596686843
4.615577788894447,7.359290163499994
4.618074037018509,7.3599924956394
4.620570285142571,7.36053951226358
4.623066533266633,7.360856774187811
4.625562781390695,7.361990959140799
4.628059029514757,7.363442729747315
4.630555277638819,7.361832021956886
4.633051525762881,7.363867857854801
4.635547773886943,7.364881433816246
4.638044022011005,7.363847818206261
4.640540270135067,7.36490411847537
4.643036518259129,7.364367432640957
4.645532766383192,7.364935654687187
4.648029014507253,7.364764286890548
4.650525262631316,7.364017332574246
4.653021510755377,7.36495940402715
4.65551775887944,7.366412354365705
4.658014007003501,7.366550736141352
4.660510255127564,7.367058639423599
4.6630065032516255,7.366722424227906
4.665502751375688,7.365957140226816
4.6679989994997495,7.368031893843298
4.670495247623812,7.366257258522286
4.6729914957478735,7.367176814526833
4.675487743871936,7.369030842414319
4.677983991995998,7.368486543830233
4.68048024012006,7.367946541090295
4.682976488244122,7.369395788355639
4.685472736368184,7.368355940595111
4.687968984492246,7.368049206536697
4.690465232616308,7.370063321696357
4.69296148074037,7.370528649169813
4.695457728864432,7.371329009042235
4.697953976988494,7.368385751244431
4.700450225112556,7.369994061578794
4.702946473236618,7.370578954681592
4.70544272136068,7.370398646822177
4.707938969484742,7.36902694306502
4.710435217608804,7.369607802131734
4.712931465732866,7.369758629994493
4.715427713856928,7.370220052943763
4.71792396198099,7.369596239303227
4.720420210105052,7.370664562617488
4.722916458229115,7.370936726706211
4.725412706353176,7.368400173580298
4.727908954477239,7.370489000441632
4.7304052026013,7.36996198622597
4.732901450725363,7.370285756226945
4.735397698849424,7.368340204103624
4.737893946973487,7.369659037410903
4.740390195097548,7.369375257712189
4.742886443221611,7.369070106250632
4.7453826913456725,7.370643350999314
4.747878939469735,7.368454772485102
4.7503751875937965,7.368537696229579
4.752871435717859,7.3680372882579235
4.7553676838419205,7.367843064378032
4.757863931965983,7.365415412350945
4.760360180090045,7.369639238995023
4.762856428214107,7.368157446491201
4.765352676338169,7.3686232274496
4.767848924462231,7.36679173384212
4.770345172586293,7.367675303659213
4.772841420710355,7.366939472659506
4.775337668834417,7.367383196131868
4.777833916958479,7.366035261819259
4.780330165082541,7.365561052424188
4.782826413206603,7.365922419547381
4.785322661330665,7.365130007332915
4.787818909454727,7.365120787252236
4.790315157578789,7.3654401107209475
4.792811405702851,7.363967551430989
4.795307653826913,7.363307092959854
4.797803901950975,7.363983719511653
4.800300150075037,7.3637642334912305
4.802796398199099,7.362153772907121
4.805292646323162,7.362105452517013
4.807788894447223,7.361474215645077
4.810285142571286,7.3615644824930895
4.812781390695347,7.359978502510662
4.81527763881941,7.3610317532487795
4.817773886943471,7.359094959670481
4.820270135067534,7.3578318907888125
4.822766383191596,7.357538006435031
4.825262631315658,7.356470079321117
4.82775887943972,7.358467945668442
4.830255127563782,7.357998306744104
4.832751375687844,7.35666052018583
4.835247623811906,7.355402588502862
4.837743871935968,7.353861938009371
4.84024012006003,7.354298130806283
4.842736368184092,7.353722553068646
4.845232616308154,7.353435614297233
4.847728864432216,7.352081793483709
4.850225112556278,7.3523180829416095
4.85272136068034,7.353709388386286
4.855217608804402,7.350893506112225
4.857713856928464,7.3515071633021
4.860210105052526,7.351064134190101
4.862706353176588,7.347504751895132
4.86520260130065,7.348162218018387
4.867698849424712,7.347296974325747
4.870195097548774,7.346804747724023
4.872691345672836,7.345100011980167
4.875187593796898,7.343851182154321
4.87768384192096,7.343344755150039
4.880180090045022,7.342824379871997
4.882676338169084,7.34279001311172
4.885172586293146,7.341416817757727
4.887668834417209,7.341092938374214
4.89016508254127,7.339991086867566
4.892661330665333,7.339703612625207
4.895157578789394,7.338410250719451
4.897653826913457,7.338748862472385
4.900150075037518,7.337795212451327
4.902646323161581,7.335513278652949
4.9051425712856425,7.334182752588333
4.907638819409705,7.333451095338773
4.910135067533767,7.330762157832782
4.912631315657829,7.330400858153535
4.9151275637818905,7.331414013601366
4.917623811905953,7.329573008771117
4.920120060030015,7.330763275019076
4.922616308154077,7.326389879379913
4.925112556278139,7.327412336804226
4.927608804402201,7.325431838780679
4.930105052526263,7.326211640480901
4.932601300650325,7.3234689793367
4.935097548774387,7.323767757580994
4.937593796898449,7.320951807209486
4.940090045022511,7.320676050357498
4.942586293146573,7.31942397611611
4.945082541270635,7.317950118093242
4.947578789394697,7.317855189008589
4.950075037518759,7.316567404187682
4.952571285642821,7.316130326134719
4.955067533766883,7.314266677952348
4.957563781890945,7.3124141978928865
4.960060030015007,7.312486182034958
4.962556278139069,7.312002972818096
4.965052526263132,7.309615294981228
4.967548774387193,7.308573222708826
4.970045022511256,7.306617509128484
4.972541270635317,7.3052160546913
4.97503751875938,7.305006756597368
4.977533766883441,7.30364417569865
4.980030015007504,7.302143134873941
4.982526263131565,7.300435587522564
4.985022511255628,7.299674670800812
4.9875187593796895,7.299185141703913
4.990015007503752,7.297772419424013
4.9925112556278135,7.295641499672333
4.995007503751876,7.294030710148965
4.9975037518759375,7.293377995476632
5.0,7.292267712592027
